gene,log2FC,p_adj,category
RS1,-5.084261678167101,1.9280952605648688e-26,Downregulated
ESAM,-3.150388244768175,6.356829050601517e-26,Downregulated
TMEM88,-3.300422662246413,1.4063521809630516e-25,Downregulated
S1PR1,-3.7335265569519978,2.0430474227517091e-25,Downregulated
KIF23,3.354898228154907,2.0610700896312331e-25,Upregulated
FAM83B,5.627666605142783,2.0610700896312331e-25,Upregulated
TEK,-3.9988398661390754,2.120427972116284e-25,Downregulated
NOSTRIN,-3.9559016502987214,2.120427972116284e-25,Downregulated
NCAPH,3.949408126759385,2.120427972116284e-25,Upregulated
ACVRL1,-3.235687506881085,2.99650029757116e-25,Downregulated
MYCT1,-3.192758319281798,3.671126661389258e-25,Downregulated
CLEC3B,-5.25076637523391,3.671126661389258e-25,Downregulated
SLC2A1,4.9464697469144365,3.671126661389258e-25,Upregulated
CNTN6,-5.208415950419605,5.975457730295816e-25,Downregulated
LDB2,-3.4072621638865748,5.975457730295816e-25,Downregulated
SH2D3C,-3.0960834765280847,6.817958954903443e-25,Downregulated
AK1,-2.4901966541047766,8.04490721609035e-25,Downregulated
PLK1,3.884690506180368,8.529668524248797e-25,Upregulated
ERCC6L,3.5085718317767585,9.11681748516684e-25,Upregulated
FAM107A,-5.81587314107572,1.0645683135055374e-24,Downregulated
PRC1,3.3786367701373026,1.2593121837164024e-24,Upregulated
XRCC2,3.4206746583732834,1.2593121837164024e-24,Upregulated
AGER,-7.724306469099369,1.4901376366507723e-24,Downregulated
GPR116,-3.9586312733752456,1.550703892959629e-24,Downregulated
GPX3,-3.802745270733194,1.5963793366312938e-24,Downregulated
TICRR,3.8888152953092208,1.657841068101552e-24,Upregulated
GPM6A,-6.235969349675379,1.657841068101552e-24,Downregulated
ECSCR,-3.159999842944101,1.657841068101552e-24,Downregulated
RAMP2,-3.2358828023564,1.6688103464756604e-24,Downregulated
EMCN,-3.8005949146985376,1.6688103464756604e-24,Downregulated
EFNA3,3.1721622253066557,1.6688103464756604e-24,Upregulated
ROBO4,-3.676274268071954,1.6688103464756604e-24,Downregulated
TFAP2A,4.997889952159837,1.8297496858242182e-24,Upregulated
CDCA5,3.826297744254295,2.347104768518635e-24,Upregulated
CA4,-6.816537223494997,2.4393339968415198e-24,Downregulated
SOX17,-3.511888764494322,3.7270193905931596e-24,Downregulated
USHBP1,-3.511347077572702,3.733358556902501e-24,Downregulated
DLC1,-3.979615957804645,4.131286195335297e-24,Downregulated
CDH5,-3.503538992798254,4.131286195335297e-24,Downregulated
CD302,-3.1078258223711623,4.131286195335297e-24,Downregulated
TNNC1,-6.2296267500674345,4.244883461816159e-24,Downregulated
JAM2,-3.0892210944106315,4.611860672172233e-24,Downregulated
KANK3,-3.864324140711666,4.66648855939647e-24,Downregulated
GYPE,-3.851439149071591,4.9306533325242086e-24,Downregulated
INMT,-5.634691148264521,4.9306533325242086e-24,Downregulated
CDC20,4.506657142913728,4.9306533325242086e-24,Upregulated
SLC39A8,-3.904514217730558,4.989423495042825e-24,Downregulated
NPR1,-3.920413612663181,5.0591616364281516e-24,Downregulated
TAL1,-3.554014059684314,5.128793504632687e-24,Downregulated
RGCC,-3.627058663816273,5.160279757715848e-24,Downregulated
TCF21,-4.831308497106856,5.160279757715848e-24,Downregulated
ASPA,-3.699354064641154,5.4793718406786644e-24,Downregulated
FERMT1,3.910574639629776,5.5863075543026486e-24,Upregulated
IGSF9,4.365362820573107,5.5863075543026486e-24,Upregulated
CCNB1,3.401963639958999,5.5863075543026486e-24,Upregulated
KIF14,3.996926283580682,5.5863075543026486e-24,Upregulated
EFCC1,-4.2771682348629945,5.952396417923373e-24,Downregulated
FXYD1,-4.045890104633227,6.047592768029519e-24,Downregulated
TPX2,4.625718552715084,6.408642427466983e-24,Upregulated
GPR146,-2.650578826190401,6.489034748996298e-24,Downregulated
TROAP,4.331586403082629,6.851411526572334e-24,Upregulated
CENPA,4.491395621201974,6.962062321039748e-24,Upregulated
SLC51B,-4.821201753400548,7.020513935835694e-24,Downregulated
PTPRB,-3.436274445222001,7.056127028113626e-24,Downregulated
RACGAP1,2.1854879789302526,7.182458245192964e-24,Upregulated
A2M,-3.576862642452705,8.558505065797863e-24,Downregulated
AQP1,-3.9678424048329095,8.558505065797863e-24,Downregulated
CENPF,4.280027465928556,9.644022413077812e-24,Upregulated
FOXM1,4.498627054994167,9.93404164387304e-24,Upregulated
CDC45,4.2200417248223046,9.93404164387304e-24,Upregulated
IHH,-4.458908944949529,9.945213182618414e-24,Downregulated
COL7A1,4.544113024728019,1.0082391026421828e-23,Upregulated
CHEK1,2.9019658671549475,1.019598159825434e-23,Upregulated
CDCA4,2.1960815909407403,1.0551736784813593e-23,Upregulated
NOVA2,-2.8727908359454557,1.0569132596981682e-23,Downregulated
SLC35A1,-1.594510588108326,1.067274096706618e-23,Downregulated
FHL5,-4.392968605140091,1.1220217331538293e-23,Downregulated
FHL1,-4.126272508831804,1.1220217331538293e-23,Downregulated
RECQL4,3.1368855630134336,1.1220217331538293e-23,Upregulated
EDNRB,-4.566667611994195,1.1220217331538293e-23,Downregulated
KHDRBS2,-4.42220527875883,1.1257077950448992e-23,Downregulated
HSPB6,-4.141559961186979,1.128644455196377e-23,Downregulated
C17orf53,3.159165359818836,1.1470877558288955e-23,Upregulated
POLQ,3.946427411964611,1.151649565223372e-23,Upregulated
CFP,-3.5631266452002954,1.1543915653624737e-23,Downregulated
CAT,-2.33980408927701,1.1543915653624737e-23,Downregulated
CBLC,3.5364655220063392,1.2173336285347653e-23,Upregulated
CPB2,-6.491589132026496,1.2511643719854046e-23,Downregulated
SUSD2,-5.117062901021342,1.2511643719854046e-23,Downregulated
GINS1,3.746881690680764,1.2511643719854046e-23,Upregulated
CLEC14A,-3.1527378113067925,1.2774630520609466e-23,Downregulated
KIF4A,4.215691266003292,1.309370891679709e-23,Upregulated
ASPM,4.0648773963166605,1.317993237503392e-23,Upregulated
CLIC5,-5.822896852903042,1.3295929151285713e-23,Downregulated
CLDN18,-8.188339428861319,1.3840976525797876e-23,Downregulated
E2F7,3.8925008286117673,1.4250131775247476e-23,Upregulated
SAPCD2,4.113930722894029,1.489108346802771e-23,Upregulated
CKAP2L,3.972428539826957,1.490699635210681e-23,Upregulated
UBE2S,2.4482369879683965,1.490699635210681e-23,Upregulated
DEPDC1B,3.7898320194093857,1.5615063539322306e-23,Upregulated
ADAMTS8,-5.689970261842508,1.5646476550131637e-23,Downregulated
VEPH1,-4.504923128703767,1.572839682758612e-23,Downregulated
KIAA1524,2.6749585114987173,1.572839682758612e-23,Upregulated
NUF2,4.079207766724082,1.631430515989115e-23,Upregulated
ABCA8,-4.730841570024121,1.6478303200154694e-23,Downregulated
CCNA2,3.665277313911033,1.8117533080149578e-23,Upregulated
HYAL2,-1.7933327676258504,1.8124419144638786e-23,Downregulated
GPD1,-5.566622362202832,1.8328047887614081e-23,Downregulated
UBE2T,3.367063331189576,1.874289416419721e-23,Upregulated
SPC24,3.2168529173196303,1.874289416419721e-23,Upregulated
SKA1,3.949657193647594,1.899612398563913e-23,Upregulated
PPP1R14A,-3.1252975150487563,1.899612398563913e-23,Downregulated
ARRB1,-3.1201997773797068,2.013992904994392e-23,Downregulated
UBE2C,4.624322828289125,2.0492118367943665e-23,Upregulated
CDCA8,3.7094002450184327,2.0492118367943665e-23,Upregulated
AC090616.2,-4.399493262705713,2.1055668485799464e-23,Downregulated
CDCA3,4.077841315654376,2.1055668485799464e-23,Upregulated
RAD54L,3.5970668461428925,2.1055668485799464e-23,Upregulated
HSD17B6,-4.122380220963928,2.1055668485799464e-23,Downregulated
ARHGEF15,-3.4068792328720265,2.1998838288754171e-23,Downregulated
FCN3,-5.599415579540635,2.294552605002789e-23,Downregulated
GNG11,-3.2588188951375567,2.3712837651738106e-23,Downregulated
HIGD1B,-4.210018801174918,2.3712837651738106e-23,Downregulated
KIAA0408,-4.632499674621203,2.386553812230301e-23,Downregulated
C10orf32,-1.4845120127191267,2.386553812230301e-23,Downregulated
CASC5,3.042991371934721,2.4232991025292596e-23,Upregulated
FIGF,-5.9455473187982175,2.4375035575363985e-23,Downregulated
MCM2,3.109406278647037,2.4375035575363985e-23,Upregulated
ST6GALNAC6,-1.8745099932729268,2.560437017955613e-23,Downregulated
CASP12,-3.710214909726196,2.7194387897345795e-23,Downregulated
AUNIP,3.1962815807232023,2.725461540622693e-23,Upregulated
STARD8,-2.985290752115822,2.8329188127304184e-23,Downregulated
SDPR,-4.721757111615014,3.0656980770007233e-23,Downregulated
STX11,-3.109049719686703,3.244958473670637e-23,Downregulated
TDRD10,-3.8514864587400304,3.329996910818692e-23,Downregulated
SLC6A8,3.70097382366837,3.3761529946067574e-23,Upregulated
SHE,-3.703728790901069,3.5696568635864924e-23,Downregulated
MS4A15,-6.3448570617112345,3.8645054297678097e-23,Downregulated
ST6GALNAC3,-2.8323185618254456,3.8645054297678097e-23,Downregulated
EZH2,2.7660644500120632,3.8681605746453225e-23,Upregulated
GPD1L,-2.325299049393036,4.0435783179325466e-23,Downregulated
TTK,4.243657172483518,4.1527833092728564e-23,Upregulated
ANLN,4.115882365629189,4.168925189227381e-23,Upregulated
KIF2C,4.090979612516938,4.394099203523613e-23,Upregulated
LYVE1,-4.0476568546314695,4.398390524955524e-23,Downregulated
LEPR,-2.966065235671862,4.579709355061312e-23,Downregulated
MYO19,1.7243120105058836,4.8030640998802104e-23,Upregulated
SLC5A4,-3.021864020711894,5.346360763343231e-23,Downregulated
NEK2,4.301893029176022,5.416953409233739e-23,Upregulated
TMEM252,-2.8326629101679743,5.48255928870678e-23,Downregulated
KIF11,3.4480390505582434,5.591967670687753e-23,Upregulated
LRP2BP,-2.8570592342344305,6.406127483540264e-23,Downregulated
TIE1,-2.877261826997524,6.659365704388665e-23,Downregulated
BUB1,3.2455074486816957,7.106620860169172e-23,Upregulated
CENPI,3.13632561562506,7.115885556352581e-23,Upregulated
C19orf59,-6.0371025668934255,7.318504341355266e-23,Downregulated
GPIHBP1,-5.731264604550798,8.076079021485686e-23,Downregulated
DES,-5.184150546543999,8.256378488159665e-23,Downregulated
CENPE,2.8981616657436358,8.774458091395863e-23,Upregulated
EME1,2.830403609945467,9.4163380194432e-23,Upregulated
FAM110D,-2.9941948427034744,9.4163380194432e-23,Downregulated
MYBL2,4.667027511748046,9.430007086718358e-23,Upregulated
RASGRP4,-2.9332933796639216,9.631810749302552e-23,Downregulated
ALDH2,-2.389214044267314,9.631810749302552e-23,Downregulated
WDHD1,2.4013592291418027,1.0269347394587577e-22,Upregulated
AQP7,-3.769514795869732,1.0270538956667418e-22,Downregulated
SCUBE1,-4.9270266075334765,1.0455994464947372e-22,Downregulated
DPCR1,-4.572734656134485,1.0472400626475022e-22,Downregulated
TMEM100,-5.916487108256654,1.0684077718734777e-22,Downregulated
SHROOM4,-2.8339118140660435,1.0734499446606742e-22,Downregulated
HJURP,4.162120832888248,1.0734499446606742e-22,Upregulated
KRT6A,8.075547253045201,1.0734499446606742e-22,Upregulated
PLAC9,-3.694295782940325,1.0734499446606742e-22,Downregulated
GTSE1,3.7770707796256415,1.0749086635714564e-22,Upregulated
SPTBN1,-2.0352953608962903,1.1107487548438542e-22,Downregulated
FRY,-3.1729245583504198,1.1212610281773125e-22,Downregulated
STX12,-1.4160787943834752,1.1212610281773125e-22,Downregulated
MFAP4,-4.091762680686591,1.1458955795863367e-22,Downregulated
LIMS2,-3.2260835846124483,1.1528728095835597e-22,Downregulated
MBIP,-1.9976469405951016,1.1545481937376998e-22,Downregulated
DLGAP5,4.341702877736311,1.27285393331654e-22,Upregulated
GIMAP8,-3.3527250568417597,1.27285393331654e-22,Downregulated
EXO1,3.898175267359083,1.286811252561011e-22,Upregulated
MAD2L1,3.2243104934929274,1.2939045937375072e-22,Upregulated
GGTLC1,-7.192344803267118,1.3002796645876994e-22,Downregulated
KIF17,-2.8558828209359044,1.3019276852096337e-22,Downregulated
GPBAR1,-2.9081570388935307,1.3019276852096337e-22,Downregulated
HOXC13,5.059340802930912,1.3952861100121628e-22,Upregulated
EPAS1,-3.3039214771499257,1.4168256415487262e-22,Downregulated
ESPL1,3.234189080444313,1.4280091727368772e-22,Upregulated
RFC4,2.727447658063108,1.436935785231125e-22,Upregulated
CCNF,2.430591226864232,1.4835705416710136e-22,Upregulated
RSPO2,-4.6890575539933135,1.4996922713302442e-22,Downregulated
PHACTR1,-3.1215480085441243,1.4996922713302442e-22,Downregulated
TGFBR2,-2.8982316029639144,1.5316691091738598e-22,Downregulated
F11,-5.351142639527966,1.5432609289821625e-22,Downregulated
GDF10,-5.489867169503555,1.5432609289821625e-22,Downregulated
LRRC36,-5.082090242132132,1.5450677142879792e-22,Downregulated
ORC6,3.4603886748426387,1.578661219315325e-22,Upregulated
CCNB2,4.136109380687902,1.578661219315325e-22,Upregulated
KL,-3.5608943838044973,1.578661219315325e-22,Downregulated
LYSMD3,-1.3146917327327188,1.5832594531025478e-22,Downregulated
GAPDH,2.14117648299427,1.6268062230150573e-22,Upregulated
KLB,-3.53787216255023,1.6497467543433962e-22,Downregulated
SPAG5,3.132950466237616,1.6618977399974936e-22,Upregulated
TMEM132A,2.695492736817128,1.6618977399974936e-22,Upregulated
PRX,-4.0774847341392135,1.6645574853960813e-22,Downregulated
IL3RA,-2.733718224344951,1.6712464163518776e-22,Downregulated
SNRK,-1.620193447268233,1.6983374030289262e-22,Downregulated
NUP155,1.829602066160404,1.7188717110644391e-22,Upregulated
WWC2,-2.8346935357723924,1.813415687525405e-22,Downregulated
LYPD3,4.946476323071098,1.8753612519582409e-22,Upregulated
BIRC5,4.384930933706156,1.8801569315804926e-22,Upregulated
CDC6,3.968650869642688,2.011624841989652e-22,Upregulated
AHCYL2,-2.787252600155304,2.0346163560244344e-22,Downregulated
MYOCD,-3.5233256488486417,2.0441496872235845e-22,Downregulated
CD300LG,-5.844154191428726,2.0441496872235845e-22,Downregulated
SSTR1,-4.458588220015545,2.188090010645104e-22,Downregulated
PVRL1,3.672350488063591,2.2824010678624223e-22,Upregulated
B4GALNT4,4.843954722248505,2.4267270734756044e-22,Upregulated
BUB1B,4.05394703850206,2.501971277946431e-22,Upregulated
CDK1,2.859806683449801,2.6187495516722825e-22,Upregulated
HYAL1,-3.44883874795456,2.6187495516722825e-22,Downregulated
FAM105A,-2.986076803968335,2.6193771811471594e-22,Downregulated
ARHGAP11A,2.7008048766960098,2.7384677528952e-22,Upregulated
NXPH4,5.268194940144412,2.824014794140302e-22,Upregulated
NDC80,3.6839021637487006,2.8291065163618173e-22,Upregulated
FKBP4,1.7494107979697675,2.9392492940470093e-22,Upregulated
HSPA12B,-3.062947496761933,3.1895480803113177e-22,Downregulated
RNASE1,-3.14254952619566,3.205301056431761e-22,Downregulated
PGM5,-3.9625356709473456,3.209287976419714e-22,Downregulated
RAD51,3.216268904121338,3.209287976419714e-22,Upregulated
NR0B2,-4.974053862115759,3.2461438015201637e-22,Downregulated
ORC1,3.246058010875787,3.2461438015201637e-22,Upregulated
RP11-830F9.6,-2.47004398517587,3.271136866627857e-22,Downregulated
MRGBP,1.3447027356853385,3.271136866627857e-22,Upregulated
SERINC1,-1.333136926090971,3.35220712072099e-22,Downregulated
CD93,-3.0035243288412588,3.420654314580772e-22,Downregulated
ECT2,2.81097556175411,3.4282214376617663e-22,Upregulated
KIFC1,3.3166611886994675,3.489505794644924e-22,Upregulated
GPA33,-5.04352938814985,3.5206071548921463e-22,Downregulated
CST5,-4.256499487322145,3.5206071548921463e-22,Downregulated
SULT1A1,-2.754510891921859,3.5206071548921463e-22,Downregulated
MYOC,-5.070207377323385,3.564838925679278e-22,Downregulated
KPNA2,2.3154897146450306,3.63500779917686e-22,Upregulated
TTLL12,1.8876431019395576,3.800486476241854e-22,Upregulated
TNXB,-4.945883926903739,3.8200527513616447e-22,Downregulated
C11orf21,-2.9028466878960777,3.8200527513616447e-22,Downregulated
KCNT2,-3.4199725234963845,3.8200527513616447e-22,Downregulated
CTSV,4.101572240321175,3.8200527513616447e-22,Upregulated
VAMP2,-1.6433301802696505,4.167587028152481e-22,Downregulated
TRIP13,3.6398275792683705,4.211297456580169e-22,Upregulated
KIF18B,4.521824551913456,4.218241939662594e-22,Upregulated
CYB5A,-2.396862886215453,4.314053241222595e-22,Downregulated
CD5L,-4.184176591336754,4.360802478326515e-22,Downregulated
ITGA8,-3.713496237659272,4.565167743801452e-22,Downregulated
FRMD3,-2.8206085594010943,4.565167743801452e-22,Downregulated
SKA3,3.558870920502075,4.6882655035445215e-22,Upregulated
CDCA2,3.6236783066674008,4.692902275771429e-22,Upregulated
FAM131C,3.958059135460324,4.855677852107225e-22,Upregulated
CYP4B1,-6.3335212318347205,4.855677852107225e-22,Downregulated
PDK4,-4.53664797717152,4.859520080775021e-22,Downregulated
CEP55,3.988602215386527,4.985763235328046e-22,Upregulated
ALDH3B1,-3.634120122183968,5.016835688051075e-22,Downregulated
MELK,4.322595507472759,5.016835688051075e-22,Upregulated
MYZAP,-4.668840255043958,5.285393828717143e-22,Downregulated
GKN2,-7.613647503447059,5.447730570634033e-22,Downregulated
HELLS,2.840404942275283,5.447730570634033e-22,Upregulated
PLK4,2.390015481223478,5.5329195066141935e-22,Upregulated
EPB42,-2.3327143439413813,5.584191738228359e-22,Downregulated
ITLN2,-6.200861947737615,5.587137642140599e-22,Downregulated
C19orf48,1.8243159871647008,5.686947598294837e-22,Upregulated
DPYSL2,-2.7452976083423835,5.859609343326953e-22,Downregulated
HBA2,-5.224706551762672,5.9202260278613005e-22,Downregulated
CCDC69,-2.6415713361061988,6.002845287658418e-22,Downregulated
MCM8,2.112961047538884,6.269410244109187e-22,Upregulated
FANCI,2.7672657011100688,6.403823693066901e-22,Upregulated
HMGA1,2.5305888639384886,6.4210735626029895e-22,Upregulated
RNASEH2A,1.9135263102921731,6.568633510930184e-22,Upregulated
RAI2,-2.8300151887535483,6.698543418678706e-22,Downregulated
ARHGAP31,-2.7202185230157463,6.7118317084923845e-22,Downregulated
TIMELESS,2.154310286404373,6.784039995923111e-22,Upregulated
SRD5A1,2.279612482474228,6.916478890282719e-22,Upregulated
RANGAP1,1.2229407166308253,6.938840912282833e-22,Upregulated
DEPDC1,3.989762796945443,6.9869964609510495e-22,Upregulated
AGRP,-4.691842916896034,7.046735076209385e-22,Downregulated
FAXDC2,-3.3347083557656347,7.057890066958164e-22,Downregulated
F12,3.606386349822863,7.064099093485551e-22,Upregulated
CACNA2D2,-5.315336058034054,7.099682835803897e-22,Downregulated
OIP5,3.4576360990480897,7.360419166437925e-22,Upregulated
DSP,3.8980372480727583,7.621300944220578e-22,Upregulated
SERTM1,-5.185335102904346,7.719493386416687e-22,Downregulated
SCN7A,-4.9213057683911146,7.842687226193705e-22,Downregulated
RAMP3,-3.671960770846307,7.864162499220772e-22,Downregulated
SLC19A3,-4.040746328826842,8.111590159977353e-22,Downregulated
PDE1C,-3.0676078812686582,8.18572184791105e-22,Downregulated
OTX1,4.297862685632577,8.18572184791105e-22,Upregulated
TOP2A,4.43040241612873,8.18572184791105e-22,Upregulated
FGFR4,-3.80393428543441,8.206032240609259e-22,Downregulated
NMUR1,-3.733139690757804,8.206032240609259e-22,Downregulated
COX4I2,-3.323336554100392,8.224785065374845e-22,Downregulated
LPL,-4.181591602680962,8.709850279169126e-22,Downregulated
GPR133,-4.249363994611024,9.046525723686542e-22,Downregulated
TENC1,-2.467057412680969,9.064532091574448e-22,Downregulated
CTD-3214H19.16,-5.0000104415364985,9.074245664159255e-22,Downregulated
DPEP2,-3.483548972278892,9.294602081334632e-22,Downregulated
GSTM5,-3.3420103360368945,9.32417246932652e-22,Downregulated
SCARA5,-4.912842487639983,9.53753476628287e-22,Downregulated
AATK,-3.406322594653285,9.64237666535467e-22,Downregulated
ABCA9,-2.72029726611054,9.850238582412325e-22,Downregulated
MCM4,2.665482330749648,9.942445305261013e-22,Upregulated
TACC3,1.7788209219079612,1.0056291314920165e-21,Upregulated
HBA1,-5.283336633907954,1.0077501409860053e-21,Downregulated
NLRC4,-3.028693229070885,1.0095078573287012e-21,Downregulated
NDNF,-5.1031802438690566,1.0185337732581672e-21,Downregulated
AGBL1,-2.6775857335540136,1.0868642355782689e-21,Downregulated
CCM2L,-2.866670642438047,1.1129262519735337e-21,Downregulated
BRIP1,3.120433504713593,1.1481565561085816e-21,Upregulated
CSRNP1,-3.198434310343833,1.2411676725692245e-21,Downregulated
RSPO1,-3.9179487744653136,1.2804571815636813e-21,Downregulated
GIMAP6,-3.158634391147408,1.2898085923969554e-21,Downregulated
LMO7,-2.69941289364467,1.325549975721342e-21,Downregulated
PREX2,-3.242940928208438,1.3304630502571554e-21,Downregulated
RANBP1,1.5460786517475924,1.3521321943823808e-21,Upregulated
TPK1,-1.699415774053394,1.3577347516260022e-21,Downregulated
GRASP,-2.7686263410611467,1.3657935433029713e-21,Downregulated
BTNL8,-3.330946098834354,1.4160167814295441e-21,Downregulated
PTTG1,2.733922455778032,1.4258417363488366e-21,Upregulated
WDR62,2.5990239063720466,1.4258417363488366e-21,Upregulated
NCAPG,3.65057119692908,1.4341184611194925e-21,Upregulated
NEIL3,3.5948457050388343,1.4497656917073238e-21,Upregulated
KANK2,-2.5429424559860383,1.4500309630988877e-21,Downregulated
DQX1,4.161265357428425,1.4500309630988877e-21,Upregulated
PERP,2.9147041178043605,1.4878223697519169e-21,Upregulated
SYNE1,-2.9362819338717445,1.490780342212458e-21,Downregulated
FBLN5,-3.174706557907193,1.518326505538002e-21,Downregulated
CENPL,1.7968783887662534,1.5787064177091525e-21,Upregulated
CCNE1,3.4986521210368684,1.6070681763124417e-21,Upregulated
FOXF1,-3.2455117314680137,1.6070681763124417e-21,Downregulated
ANGPT4,-3.787083521056456,1.6070681763124417e-21,Downregulated
C1orf167,-3.819614923590756,1.6082647944117617e-21,Downregulated
HPCAL1,-1.851567570053394,1.7127185285704267e-21,Downregulated
MKI67,3.762306611234191,1.7148740669764434e-21,Upregulated
TNFSF13,-2.4799991971440605,1.7320686592152686e-21,Downregulated
NCAPG2,2.064899896495686,1.7434593077587785e-21,Upregulated
AK4,3.221389515640971,1.7483697572786987e-21,Upregulated
MCM7,1.6066650687157438,1.7483697572786987e-21,Upregulated
PRR11,2.85901880207509,1.7730574786413707e-21,Upregulated
LRRN4,-5.000516312238672,1.8075929304038478e-21,Downregulated
SLC6A4,-6.350480395437796,1.81056058289632e-21,Downregulated
CDC25A,3.0727131433334054,1.820203556215264e-21,Upregulated
AURKA,2.9986444443637765,1.8311923955912003e-21,Upregulated
GGTLC2,-4.263975529931784,1.8373368089166104e-21,Downregulated
MCM10,3.962307914657396,1.8373368089166104e-21,Upregulated
LMOD3,-2.3556429908025334,1.8551673677239488e-21,Downregulated
AURKB,4.094529243056773,2.010079950284577e-21,Upregulated
LMNB2,1.884308884194437,2.1656141291127103e-21,Upregulated
CCRL2,-2.771761584820286,2.3278472679873386e-21,Downregulated
CENPW,2.607645819810492,2.3278472679873386e-21,Upregulated
UCK2,2.2899996073520867,2.3278472679873386e-21,Upregulated
GP9,-4.029799574664926,2.3524339007096023e-21,Downregulated
P2RY14,-2.8934641820086693,2.413117605805956e-21,Downregulated
MLF1IP,2.969222516609097,2.509072831204075e-21,Upregulated
LMBRD1,-1.1464708658760865,2.509072831204075e-21,Downregulated
SGOL1,3.386268412598029,2.509072831204075e-21,Upregulated
SULT1A2,-3.802934544990639,2.5394846696679437e-21,Downregulated
SELENBP1,-4.33313582000547,2.585482974131223e-21,Downregulated
KCNK3,-4.600804819839556,2.715726272821316e-21,Downregulated
MTL5,3.27799502618932,2.716881630029164e-21,Upregulated
PLA2G1B,-6.62222432087445,2.716881630029164e-21,Downregulated
APOH,-5.407017850106996,2.716881630029164e-21,Downregulated
ATAD5,2.097528169724879,2.7201633256768517e-21,Upregulated
CHAF1B,2.2860972939827446,2.7698589514346745e-21,Upregulated
C10orf67,-3.9032876301413832,2.801060108426219e-21,Downregulated
C1orf112,1.9586499842906544,2.8508396076263134e-21,Upregulated
WFS1,-2.2158819521698945,2.8924536500947426e-21,Downregulated
FGF11,3.944118507811014,2.9605852088797157e-21,Upregulated
ASF1B,3.078030069039981,3.074968959332787e-21,Upregulated
SGCA,-3.3870840321833224,3.139650695304724e-21,Downregulated
CDT1,3.456919040937242,3.2276444701877447e-21,Upregulated
IL6ST,-1.912158529015528,3.270922129107626e-21,Downregulated
IGFALS,-3.456361935112906,3.3460891064376007e-21,Downregulated
SECISBP2L,-2.120780500216224,3.3460891064376007e-21,Downregulated
ATOH8,-4.761319521157251,3.3460891064376007e-21,Downregulated
SLC1A1,-3.964326555424365,3.506410791667788e-21,Downregulated
NUSAP1,3.3686424894370264,3.623770052863333e-21,Upregulated
SEC22C,-1.2674535437258765,3.6499030413876825e-21,Downregulated
RHOJ,-2.743135117827076,3.699982375253907e-21,Downregulated
NKAPL,-2.3239995055163742,3.707202530646052e-21,Downregulated
SACM1L,-1.1562712614402262,3.757332257291654e-21,Downregulated
FAM72D,3.098115690199766,3.765015448316714e-21,Upregulated
HLA-E,-1.9401960495119488,3.80571304447387e-21,Downregulated
IQGAP3,3.5682014698750253,3.80571304447387e-21,Upregulated
PBK,4.0292984077507255,3.9425419617048964e-21,Upregulated
MYBPHL,-3.817014628383979,4.0141773038776884e-21,Downregulated
SHMT2,1.663922082951144,4.0182001844336425e-21,Upregulated
TONSL,2.3474422636710166,4.0629599044343776e-21,Upregulated
GLIPR2,-2.7058844791736902,4.098934746294208e-21,Downregulated
CENPH,2.112162687206693,4.279201613472614e-21,Upregulated
SIGLEC11,-3.538405212137331,4.313166930655238e-21,Downregulated
PCDH12,-2.682340462383091,4.319165393519847e-21,Downregulated
TMEM243,-1.9607841855107893,4.319165393519847e-21,Downregulated
NOTCH4,-2.338235357877477,4.38813130814824e-21,Downregulated
ACOXL,-4.110198568119069,4.404128092512536e-21,Downregulated
LIMCH1,-3.5995994532758324,4.438386888072644e-21,Downregulated
FAM64A,3.865371534794316,4.5731540811077634e-21,Upregulated
HBB,-5.238623754881283,4.6018110207541186e-21,Downregulated
STIL,2.7809643153586965,4.6983317591387216e-21,Upregulated
GINS2,3.3044553986641105,4.713411173097516e-21,Upregulated
CD52,-3.697840214403305,4.787423845101439e-21,Downregulated
AOC3,-3.902938980545608,4.9083082895321204e-21,Downregulated
ANGPTL1,-3.834620131989548,4.9083082895321204e-21,Downregulated
HSD17B11,-1.986472059546028,4.9297993437397444e-21,Downregulated
RASGRP2,-2.6599959898880483,4.947455007251121e-21,Downregulated
PPP1R14B,1.744314078945365,4.973295722593085e-21,Upregulated
FEN1,2.118629528859537,4.9870983407508005e-21,Upregulated
DBF4,1.6892206966133363,5.038326134647542e-21,Upregulated
ERG,-2.712939983247508,5.211213989186786e-21,Downregulated
RTKN2,-4.132913358416016,5.330039858845072e-21,Downregulated
GRIA1,-4.680934742951942,5.466181122619857e-21,Downregulated
ANKRD1,-6.238185098771174,5.65486340408325e-21,Downregulated
CFL2,-1.7994104272564029,5.68498109412913e-21,Downregulated
GPR17,-3.18993415501095,5.778557399560253e-21,Downregulated
PRAM1,-3.380206964572687,5.824014836203928e-21,Downregulated
MAP1LC3C,-4.308645187756886,5.840654179709436e-21,Downregulated
LTA4H,-1.7403923590880606,5.865301324258558e-21,Downregulated
FBP1,-3.893922001707925,5.904340021548658e-21,Downregulated
GLDN,-3.158017243680568,5.997712152234901e-21,Downregulated
PKMYT1,3.221786596664429,6.0749989934163934e-21,Upregulated
CDKN3,3.3672555848348704,6.1405678392015614e-21,Upregulated
TCTA,-1.2584278797299415,6.169631497764265e-21,Downregulated
FGR,-2.848430324702197,6.174520787841082e-21,Downregulated
TBX4,-3.671748780305703,6.214270693601899e-21,Downregulated
SKP2,2.3582262527704687,6.245640301445376e-21,Upregulated
NXF3,-3.674225686668567,6.288466518492669e-21,Downregulated
TRAK2,-1.355486966573209,6.314742337042665e-21,Downregulated
SNX25,-2.160785774343037,6.352929084210163e-21,Downregulated
ECE2,2.9560707790959317,6.366436660729396e-21,Upregulated
GMFG,-2.5615677231999463,6.467435456162082e-21,Downregulated
LDB3,-2.735523572558925,6.467435456162082e-21,Downregulated
MSRA,-1.7282309801438291,6.5095421206633404e-21,Downregulated
ARHGAP6,-3.1298015818436404,6.577510072907211e-21,Downregulated
C5orf34,2.1006139818063403,6.5989629807389335e-21,Upregulated
RARA,-1.53529253715379,6.704451548408977e-21,Downregulated
UCN2,3.74867995666404,6.827684050236765e-21,Upregulated
DUSP9,5.026195832833096,6.946002264572562e-21,Upregulated
ADH1B,-6.75946994400459,6.946002264572562e-21,Downregulated
RHOA,-1.0184312580228507,7.020148288527613e-21,Downregulated
CENPO,1.6992235289998012,7.020148288527613e-21,Upregulated
DRAM1,-2.653141779881798,7.020148288527613e-21,Downregulated
SNX22,-2.909551490347752,7.03779031124964e-21,Downregulated
SERPINB5,6.460621660548512,7.073384122509089e-21,Upregulated
RAD54B,2.159961194523184,7.16608775242598e-21,Upregulated
SCARF1,-2.4764654098482666,7.343834924729124e-21,Downregulated
CENPN,2.3117645656270334,7.41592977125648e-21,Upregulated
GIMAP5,-3.004906696873673,7.419812839137663e-21,Downregulated
PSMD2,1.4598037641901325,7.66744407158782e-21,Upregulated
SEC14L6,-4.486042691393283,8.086042940817963e-21,Downregulated
KLF9,-2.207456876274013,8.128885835376597e-21,Downregulated
ESYT3,-3.187850200614064,8.185693588847904e-21,Downregulated
SLC24A4,-2.5991377556438837,8.421825704016136e-21,Downregulated
ATAD2,2.080798642944523,8.425234936885379e-21,Upregulated
KLF2,-3.3576403893419675,8.569489638037474e-21,Downregulated
JUP,1.8937255879728383,8.609995314654624e-21,Upregulated
RNF146,-1.0388235597123945,8.692984167606722e-21,Downregulated
CRY2,-1.7427411218631814,8.692984167606722e-21,Downregulated
C10orf128,-2.836091193219421,8.745060577033788e-21,Downregulated
DSCC1,2.296088803924433,9.115822813997988e-21,Upregulated
RPS6KA2,-2.738622095854467,9.397892119494904e-21,Downregulated
NUDT1,1.7305881834719423,9.924807138448308e-21,Upregulated
ZNF366,-2.6691031753915926,9.924807138448308e-21,Downregulated
TNS4,4.688837470154431,9.924807138448308e-21,Upregulated
TMEM125,-3.9784598790895176,9.961315463534431e-21,Downregulated
KNSTRN,1.7080401317763112,1.00337442497104e-20,Upregulated
CLEC1B,-3.185197695117449,1.0260154506625472e-20,Downregulated
ATP1A2,-3.790691349326543,1.0260154506625472e-20,Downregulated
CASQ2,-3.498656414084384,1.0493925211409744e-20,Downregulated
MMP11,5.124291965036694,1.065192231182517e-20,Upregulated
F10,-3.0319654053023357,1.0795003698581406e-20,Downregulated
PRKCE,-2.378617392684804,1.0923568262985007e-20,Downregulated
SCN1A,-4.142295282814626,1.097701315220406e-20,Downregulated
C1orf162,-3.101566156759185,1.1217345338524944e-20,Downregulated
RNASE4,-2.4472547418952564,1.1327127498880455e-20,Downregulated
TRPV2,-2.3790157813001294,1.1340792179799635e-20,Downregulated
ICAM2,-2.7500025531907983,1.1478342423286078e-20,Downregulated
BTNL9,-4.742973811436146,1.1517518820257503e-20,Downregulated
RAET1L,5.817438555878361,1.1661604957692712e-20,Upregulated
GRK5,-2.844905922090307,1.1661604957692712e-20,Downregulated
GANC,-1.4164677083412205,1.1827813157873162e-20,Downregulated
CFD,-3.4374557879972354,1.1945823617896115e-20,Downregulated
ADCY4,-2.6974676337950187,1.2003270897793423e-20,Downregulated
CX3CR1,-3.41227257004161,1.2003270897793423e-20,Downregulated
ABCA6,-2.5464721702671893,1.2018565014826768e-20,Downregulated
FCN1,-3.5700001503505536,1.2140454275688024e-20,Downregulated
RETN,-5.546591272527208,1.2140454275688024e-20,Downregulated
FAM83F,4.357890613149234,1.2269903005968684e-20,Upregulated
ARTN,4.198684142505827,1.2597555827187566e-20,Upregulated
MUSK,-2.9930645968791088,1.2597555827187566e-20,Downregulated
FAM189A2,-4.673373652943759,1.2597555827187566e-20,Downregulated
MFNG,-2.4762771613440933,1.2678665801314585e-20,Downregulated
ZWILCH,1.6437280121498876,1.3017427411598892e-20,Upregulated
PAICS,1.9496084663407576,1.308871237242337e-20,Upregulated
CALCRL,-2.6764703746199734,1.3103395930650695e-20,Downregulated
TNFSF12,-2.209997996282455,1.328135209884554e-20,Downregulated
RXRG,-4.075518269336705,1.328135209884554e-20,Downregulated
GJB3,4.524706381236878,1.3428872909863144e-20,Upregulated
RAD51AP1,2.91534597663707,1.3914481284988394e-20,Upregulated
NECAB1,-3.392681179187409,1.4015038641762682e-20,Downregulated
AGTR1,-3.6252754684162056,1.4028504467283183e-20,Downregulated
ZBTB16,-4.524319648749672,1.4197294591808538e-20,Downregulated
FMO2,-4.02664077546781,1.4401330059049778e-20,Downregulated
ACKR4,-3.315629217852049,1.4539153246065005e-20,Downregulated
ARHGEF3,-1.4952901060053063,1.4539153246065005e-20,Downregulated
SYT15,-3.958605701059724,1.4713956771268163e-20,Downregulated
ESCO2,3.081934928039205,1.5142628841014212e-20,Upregulated
RILP,-2.021180010894377,1.5323475284096057e-20,Downregulated
KIF20A,3.6844617517099474,1.5500482691209844e-20,Upregulated
DSG3,7.375588171401755,1.5500482691209844e-20,Upregulated
PSAT1,4.214311368222896,1.5500482691209844e-20,Upregulated
C16orf59,3.571515548816219,1.557025822378825e-20,Upregulated
PKNOX2,-2.9792676443869466,1.559273048210076e-20,Downregulated
ARHGAP18,-2.2115631276120675,1.5700312348297672e-20,Downregulated
ANXA3,-2.788825641734473,1.590322909090101e-20,Downregulated
RGN,-3.451974101963033,1.5988799896527446e-20,Downregulated
BCL2L12,1.3943110513316626,1.6297750055378842e-20,Upregulated
EIF4E3,-1.8145111279872213,1.6351613529144624e-20,Downregulated
LRRN3,-3.8796896208717655,1.6499285520171682e-20,Downregulated
MMRN2,-2.24215771787924,1.7478054028325458e-20,Downregulated
MARC2,-2.0474497424416427,1.752817245576357e-20,Downregulated
TM6SF1,-1.877255730765917,1.7855658017992354e-20,Downregulated
INPP5K,-1.2709817842018332,1.7894966646483614e-20,Downregulated
AMICA1,-3.239208535134652,1.7894966646483614e-20,Downregulated
SEMA3G,-3.298040894226326,1.8586328481690926e-20,Downregulated
RAB37,-2.627020255391012,1.9297499845896554e-20,Downregulated
ADRA1A,-4.14498282174323,1.973000295497575e-20,Downregulated
PRKDC,1.4117640481546443,1.9744117537697223e-20,Upregulated
ENG,-2.4192156340485718,1.989311720991609e-20,Downregulated
RAP1A,-1.010587336681592,2.019813454840044e-20,Downregulated
UNG,1.459804082445725,2.0482776911592e-20,Upregulated
SLC9A3R2,-2.48215662100687,2.062732092536786e-20,Downregulated
PITX1,5.785764963313706,2.082196832574451e-20,Upregulated
VSIG2,-5.122780139385584,2.0946227912988084e-20,Downregulated
ARHGEF39,2.969035711512065,2.0946227912988084e-20,Upregulated
GID8,1.0876467445982634,2.097242656245872e-20,Upregulated
PARPBP,2.6836776115925307,2.106878018555004e-20,Upregulated
SORBS1,-2.88606039092526,2.142929756100909e-20,Downregulated
CHAF1A,1.7601955440473942,2.155743354145525e-20,Upregulated
TSPAN12,-3.247462827192612,2.218488973751274e-20,Downregulated
ASAH1,-1.966470567477339,2.2344507354263812e-20,Downregulated
TPI1,1.4258823314650773,2.2403518285802215e-20,Upregulated
FAM167B,-2.0668715722465345,2.261224762760285e-20,Downregulated
RPL39L,3.022544144654181,2.261224762760285e-20,Upregulated
SPN,-3.549397698000988,2.2855974407226142e-20,Downregulated
GNGT1,3.602456393279687,2.2927629130173994e-20,Upregulated
MYO7B,-2.983354478331607,2.2927629130173994e-20,Downregulated
ROR1,-3.194626784436533,2.3519437859736558e-20,Downregulated
VWF,-3.0190234414276667,2.3840352452714622e-20,Downregulated
TNS1,-3.043336152056609,2.5294222442242047e-20,Downregulated
ABCC6,-3.1093517108873536,2.5771880134388486e-20,Downregulated
TLR4,-2.568403540043416,2.5804012329574823e-20,Downregulated
CNRIP1,-2.182154077603239,2.7252580885134464e-20,Downregulated
NUP205,1.0947061940690652,2.740854885952168e-20,Upregulated
C1QTNF2,-2.6391338290454684,2.75566776201671e-20,Downregulated
GATA1,-2.537152850758409,2.7800254397649014e-20,Downregulated
ZWINT,2.92608492930101,2.869202117467881e-20,Upregulated
LOXHD1,-2.8341871837167294,2.891539999147303e-20,Downregulated
TARS,1.3890183115737589,2.898389497330969e-20,Upregulated
ARHGEF6,-2.317049255471078,2.900604291003557e-20,Downregulated
C1QTNF7,-4.036392560440131,2.9112182445249593e-20,Downregulated
LRRK2,-4.43161877995308,2.9417963759936023e-20,Downregulated
EGFL7,-2.27960679767388,2.9585006124586543e-20,Downregulated
NCAPD2,1.956077427215416,2.971449851476389e-20,Upregulated
RCC1,1.463724554407806,3.047652416097666e-20,Upregulated
SASH1,-2.091947441923283,3.1463090492640604e-20,Downregulated
POLE2,2.319816514408488,3.180520005376206e-20,Upregulated
EFNA4,1.6719578929206564,3.3026301839074116e-20,Upregulated
FCGRT,-1.6741185449384908,3.3354672465400686e-20,Downregulated
C12orf49,-1.2305888232723523,3.415598698717271e-20,Downregulated
OSCAR,-3.0972714077610943,3.430616616702707e-20,Downregulated
CSE1L,1.314508800971803,3.504700818054382e-20,Upregulated
C1orf74,2.0137650766396504,3.504700818054382e-20,Upregulated
GGCT,1.6419589810744242,3.6463788787268364e-20,Upregulated
RNF145,-1.3376471348627064,3.6463788787268364e-20,Downregulated
RASL12,-2.5917804627797087,3.72046944204923e-20,Downregulated
GMNN,1.6625483840774962,3.72046944204923e-20,Upregulated
ANGPTL7,-4.037845548131443,3.7328722007113657e-20,Downregulated
KAT2B,-1.9601983959956533,3.809625452242102e-20,Downregulated
DSG2,2.035098928578176,3.82770952274613e-20,Upregulated
FAM83D,3.4286339832676296,3.840034669391573e-20,Upregulated
RILPL2,-1.5237262120955926,4.031842967370258e-20,Downregulated
KIF18A,2.0153383646006557,4.0339839391292384e-20,Upregulated
CPM,-3.154901425010848,4.0947807180627676e-20,Downregulated
MTBP,2.05860847405168,4.131246975626434e-20,Upregulated
CKAP2,1.933720550465174,4.1968804529576965e-20,Upregulated
PDLIM2,-2.0729405151814664,4.1968804529576965e-20,Downregulated
C2orf91,-2.8431256591012293,4.20030601282359e-20,Downregulated
FZD4,-2.5233271831651765,4.251523592798256e-20,Downregulated
SOD3,-2.843728869168181,4.2653286391226094e-20,Downregulated
PCDH15,-3.354929683177332,4.305370244539559e-20,Downregulated
DNASE2B,-4.101682476643578,4.313574900142398e-20,Downregulated
DNAJC9,1.221765029777611,4.5510579085197465e-20,Upregulated
ELANE,-3.0171394672113023,4.594570759699837e-20,Downregulated
PPM1M,-1.5584327946510896,4.8435330080798574e-20,Downregulated
SGOL2,2.06295887903583,4.946362783372732e-20,Upregulated
CGNL1,-3.1521517140563637,4.973889189889848e-20,Downregulated
ZEB2,-2.206671871375983,4.9789036846077394e-20,Downregulated
TK1,3.231179657320101,4.9789036846077394e-20,Upregulated
PTPRN2,-2.7912211859632627,5.009308512815504e-20,Downregulated
TAPT1,-1.5519584282475645,5.009308512815504e-20,Downregulated
KIF1C,-1.7286287375403724,5.156674568327672e-20,Downregulated
PLA2G12B,-3.8490562371986496,5.200418238047189e-20,Downregulated
C10orf115,-3.506374667763598,5.345586426253609e-20,Downregulated
MAP3K3,-1.4901977772568706,5.524146906439331e-20,Downregulated
SFTPC,-10.205108957729928,5.710263318164892e-20,Downregulated
LILRA5,-2.999018055775576,5.72208326143333e-20,Downregulated
HSD17B4,-1.4250979845953733,5.738993553361904e-20,Downregulated
C2orf40,-5.079937311834682,5.767993878972624e-20,Downregulated
KRT16,7.258753841247513,5.767993878972624e-20,Upregulated
FGD5,-2.6258918130871267,5.83043723290031e-20,Downregulated
SLC46A2,-4.927046177012452,5.976338670855708e-20,Downregulated
FANCD2,1.9725704063943652,5.976422322960483e-20,Upregulated
LRRC2,-2.74233190205118,6.009083256431445e-20,Downregulated
ARNTL2,3.065898828398665,6.181112706023578e-20,Upregulated
KIAA0141,-1.0066673255750036,6.212697439599334e-20,Downregulated
CAPN9,-3.859004481441521,6.743112691120051e-20,Downregulated
AKAP2,-3.10902285467513,6.777193904125799e-20,Downregulated
EPB41L5,-1.7441159202934156,6.853326735188485e-20,Downregulated
CD55,-2.4496081740003426,6.897541019533351e-20,Downregulated
SIRPB1,-3.2862676841915075,6.911977514295103e-20,Downregulated
FGF10,-3.531222920449111,6.961668219540195e-20,Downregulated
ABI3BP,-3.6470645464625777,7.064007375894175e-20,Downregulated
CCDC34,2.1945012900052543,7.293683550280225e-20,Upregulated
ADRB1,-4.17413516673053,7.29868410230765e-20,Downregulated
BCL6B,-2.5578489224839185,7.370040708458274e-20,Downregulated
TRIM29,3.9445039475074406,7.370040708458274e-20,Upregulated
CD97,-2.6262741524460207,7.528071965749001e-20,Downregulated
DAPK2,-2.9572651566633663,7.531441048824583e-20,Downregulated
RAE1,1.1760772140993847,7.532233474458597e-20,Upregulated
JPH4,-3.2114878430049623,7.600384413008469e-20,Downregulated
FAM189B,1.189409051736236,7.72905026887283e-20,Upregulated
CHTF18,1.9111788191838928,7.72905026887283e-20,Upregulated
NRGN,-3.4717626458333006,7.779487296358478e-20,Downregulated
GJB5,5.055587047740075,7.827845260917409e-20,Upregulated
FAM162B,-3.437879055260945,7.827845260917409e-20,Downregulated
CCT3,1.2147064429745562,8.044438339532977e-20,Upregulated
DSC3,5.959456298210863,8.15995951264741e-20,Upregulated
ARRB2,-1.5850996404059767,8.243163541751764e-20,Downregulated
CYSTM1,-1.741372670321761,8.353462976712018e-20,Downregulated
ACADL,-4.533509428942166,8.353462976712018e-20,Downregulated
FERMT2,-2.1602002157744167,8.416862975175111e-20,Downregulated
MMRN1,-3.761158574090392,8.494301564494152e-20,Downregulated
CD81,-1.2262745009845126,8.526880570813944e-20,Downregulated
GABRA3,4.588814098230853,8.611253937671761e-20,Upregulated
HHIP,-5.092992582822917,8.919534569652575e-20,Downregulated
MFI2,3.367448366512641,9.07302047050527e-20,Upregulated
RGS13,-3.151679338300111,9.07302047050527e-20,Downregulated
RCC2,1.4986266453362056,9.087364634910173e-20,Upregulated
MIS18A,1.7166597032664497,9.157505759773638e-20,Upregulated
CDC25C,3.709379461555522,9.198203139569676e-20,Upregulated
CDKL1,-1.7557014327753393,9.236770893118094e-20,Downregulated
TRAIP,2.0833319447564405,9.259690595035202e-20,Upregulated
ARHGAP44,-3.3078294234041543,9.259852510917988e-20,Downregulated
SH3BP5,-2.382550271902014,9.29160210655766e-20,Downregulated
SPC25,3.4945256352338365,9.29160210655766e-20,Upregulated
SYNDIG1L,-3.665380195561237,9.460308736567885e-20,Downregulated
E2F2,2.730415191015386,9.670475707805528e-20,Upregulated
GMPS,1.7533333829699167,9.708171294148349e-20,Upregulated
NICN1,-1.417652129086803,9.717584160128276e-20,Downregulated
LRRC32,-2.722352351840822,9.734723671577151e-20,Downregulated
EMP2,-2.553921342461095,9.842718030737116e-20,Downregulated
LONRF3,-3.2183445393311336,1.0270074784158301e-19,Downregulated
PID1,-2.9362709514323484,1.0599757064149262e-19,Downregulated
RMI2,2.7780244633935576,1.0698465496827e-19,Upregulated
S1PR4,-3.042550566599993,1.0741339837088378e-19,Downregulated
CCT5,1.5256865925405716,1.094307575494292e-19,Upregulated
CCDC150,2.3751024104446605,1.1094067837233356e-19,Upregulated
MZT2A,1.3070587637229458,1.1146937791779376e-19,Upregulated
TSPAN4,-2.218038226547918,1.1230024242508805e-19,Downregulated
C20orf202,-2.790250909165993,1.127136694291324e-19,Downregulated
LHFP,-2.1549036277885243,1.1369789077249888e-19,Downregulated
IFT57,-1.761176626236141,1.1562106246589017e-19,Downregulated
RAPGEF3,-2.2521706201380267,1.171936551726422e-19,Downregulated
CD34,-2.591764920269341,1.2136000038375988e-19,Downregulated
BLM,2.2627807919906,1.288422958176915e-19,Upregulated
MIF,1.8019604100289843,1.3212210711812566e-19,Upregulated
MARK1,2.2886397629657047,1.3534392679281312e-19,Upregulated
MS4A7,-3.168035681839532,1.3646625957693058e-19,Downregulated
TRPC3,-2.0767745904386428,1.3646625957693058e-19,Downregulated
MND1,3.271341013050737,1.3758560400920357e-19,Upregulated
CMSS1,1.4823499570726284,1.3805094916021733e-19,Upregulated
SPTBN2,2.685092556067012,1.3844051164924608e-19,Upregulated
GSG2,2.6395915871595785,1.3844051164924608e-19,Upregulated
PRKCD,-1.21255069281953,1.4537154662554685e-19,Downregulated
PTCRA,-3.38615996879916,1.4666097542015394e-19,Downregulated
DUSP1,-2.9729409702887963,1.4975392709699982e-19,Downregulated
GIMAP7,-3.038820255572057,1.5329287974142995e-19,Downregulated
TSPAN32,-2.7160935004945035,1.5700546848117594e-19,Downregulated
GATA6,-2.9549255517977207,1.6017480580425776e-19,Downregulated
GNA14,-3.053389064502154,1.6207501894007946e-19,Downregulated
ATP8A1,-3.077392270305629,1.632027072515099e-19,Downregulated
MRC1L1,-4.080203948957923,1.632027072515099e-19,Downregulated
CCL23,-4.393726724692889,1.6355360389934681e-19,Downregulated
ACE,-2.618428410512037,1.6557126342746285e-19,Downregulated
C8B,-5.309262338074759,1.6576015805705044e-19,Downregulated
PNPLA7,-2.350532265996556,1.7244219042242637e-19,Downregulated
KCNA3,-3.3420657075229574,1.7472322662452762e-19,Downregulated
PRDM16,-2.9161422491484044,1.7656745102789693e-19,Downregulated
LILRA1,-2.6387292856222087,1.7777234785311784e-19,Downregulated
LTC4S,-2.6533333692163668,1.7777234785311784e-19,Downregulated
SLC25A10,1.6813719335618398,1.7777234785311784e-19,Upregulated
GGH,2.0476508174421824,1.862935777165364e-19,Upregulated
GORASP1,-1.0000015128522488,1.863785485473489e-19,Downregulated
KIAA1462,-2.880971014509427,1.8706980681852682e-19,Downregulated
WISP2,-3.672577239115941,1.9673253113966541e-19,Downregulated
CTSH,-2.918823864996643,1.983537126618269e-19,Downregulated
MMP24,-3.4425071606496584,2.0023495178904232e-19,Downregulated
ADPRH,-1.91842672565914,2.0124285205494144e-19,Downregulated
PRAME,6.354942372359179,2.04706903902456e-19,Upregulated
FBXO45,1.9399967568388456,2.0516827708303092e-19,Upregulated
CLDN5,-3.421779354601208,2.0900760143492372e-19,Downregulated
MOAP1,-1.1386281088825587,2.1407543081588504e-19,Downregulated
KIF15,3.079820953855541,2.142363055588808e-19,Upregulated
EXOC3L1,-2.017841234054821,2.1676602394764402e-19,Downregulated
RRM2,3.829834913766317,2.217595346630823e-19,Upregulated
KIAA0101,3.3282481843733205,2.277826336642456e-19,Upregulated
PLLP,-2.7066588572351025,2.2786950800934013e-19,Downregulated
SYPL2,-2.054079652155831,2.387629296515378e-19,Downregulated
GAB3,-2.0250740466366084,2.387629296515378e-19,Downregulated
MNDA,-2.6607867913219225,2.387629296515378e-19,Downregulated
SHCBP1,2.533559655857105,2.4274506871140773e-19,Upregulated
GIMAP1,-2.950028458330942,2.4561679727561873e-19,Downregulated
SEC14L3,-4.0619652018811365,2.4725279863765243e-19,Downregulated
RUVBL1,1.363726429717941,2.549909488477962e-19,Upregulated
SUV39H2,1.6786319606622673,2.5625233624107705e-19,Upregulated
HN1,1.6423535808227516,2.5899740672823633e-19,Upregulated
PPBP,-5.0450475732627815,2.618918822880195e-19,Downregulated
CXorf36,-2.454104265982465,2.618918822880195e-19,Downregulated
TMEM110,-1.0664680170212169,2.630737187700004e-19,Downregulated
C5AR1,-2.4505860810963007,2.647127003146006e-19,Downregulated
CDK5R1,2.402150051995246,2.6507593484056653e-19,Upregulated
ARL6IP5,-1.4015683734374011,2.68326061460709e-19,Downregulated
SNRPA1,1.106274742913767,2.846309568533847e-19,Upregulated
CACNA1D,-3.1774767150125998,2.894331305577465e-19,Downregulated
CALCOCO1,-1.879803614262004,2.909091347615072e-19,Downregulated
KIR2DL3,-2.624081246372228,2.909091347615072e-19,Downregulated
FFAR4,-3.732001464582157,2.909091347615072e-19,Downregulated
UNC13B,-2.12607646428184,2.909091347615072e-19,Downregulated
SLFNL1,-2.842926820567956,2.9358422054110895e-19,Downregulated
CD300C,-2.9491005827494527,2.945152698351164e-19,Downregulated
CYYR1,-2.6578433558475867,2.9468097335416453e-19,Downregulated
ACAT1,-1.0758839131744224,2.9547845668011817e-19,Downregulated
PEAR1,-2.6223436521875687,2.9547845668011817e-19,Downregulated
AOX1,-3.025653013528177,2.968466730997204e-19,Downregulated
ARHGAP29,-2.6464575798125214,3.0725896649215124e-19,Downregulated
SEPT4,-2.216658421379595,3.0967838883383325e-19,Downregulated
AFF3,-3.6737976961151833,3.2031667586141856e-19,Downregulated
MYRF,-3.710601436181233,3.2031667586141856e-19,Downregulated
ABCA12,4.508314785947877,3.2792731982080904e-19,Upregulated
CIRBP,-1.0337256833800057,3.2792731982080904e-19,Downregulated
DLL4,-2.16078302378678,3.2792731982080904e-19,Downregulated
ZNF540,-1.9760424403771104,3.427444368964582e-19,Downregulated
DOK2,-2.957654739600186,3.4518700052339697e-19,Downregulated
IQSEC3,-3.5600980554153607,3.499825736721809e-19,Downregulated
MFSD2A,-2.7945125698780675,3.509499238950823e-19,Downregulated
NOL10,1.0417606562684032,3.509499238950823e-19,Upregulated
MMS22L,1.8201980863642024,3.509499238950823e-19,Upregulated
HPGDS,-3.037490509327635,3.5537307429506714e-19,Downregulated
TMEM255B,-1.8005896984986736,3.5796426028135087e-19,Downregulated
PGR,-2.5102126336710966,3.597402493896611e-19,Downregulated
CHRNB4,3.4559136957003096,3.597402493896611e-19,Upregulated
SNX30,-2.0074548080437165,3.61602001584888e-19,Downregulated
RASSF3,-1.707451853381139,3.634880102108894e-19,Downregulated
KIR3DL1,-2.803122369698298,3.699207281917943e-19,Downregulated
DKC1,1.5427445974339236,3.700364890968391e-19,Upregulated
SLC6A13,-2.8656311710857008,3.8965138830426963e-19,Downregulated
SLC25A39,1.1084314029835998,4.0072800640215544e-19,Upregulated
SPOCK2,-3.720383530666647,4.02610668006781e-19,Downregulated
PAXIP1-AS2,-1.4617733419016838,4.1009332288480943e-19,Downregulated
FILIP1,-2.7737691056685465,4.1009332288480943e-19,Downregulated
HMGB3,2.270197354058549,4.133040390382434e-19,Upregulated
CERS3,5.688533921632946,4.134112698142259e-19,Upregulated
FAM13C,-2.5815783328769504,4.1632379765645784e-19,Downregulated
RPS6KA1,-1.1300004077933623,4.1789832981659095e-19,Downregulated
RAB8B,-1.3270548478179531,4.1864245529040935e-19,Downregulated
PIF1,2.57140002135011,4.2343355122005907e-19,Upregulated
CHIA,-5.432810953797965,4.29703816390939e-19,Downregulated
GIMAP4,-2.5488178035110387,4.348810698830509e-19,Downregulated
ABHD14A,-1.253138090587257,4.370712358956398e-19,Downregulated
ZFP2,-1.8501007056179808,4.370828337032928e-19,Downregulated
CHEK2,1.8470610072369655,4.376456393072333e-19,Upregulated
MS4A2,-3.2976804404391413,4.376711723754416e-19,Downregulated
FLI1,-2.525880010227432,4.431274922265828e-19,Downregulated
TMEM220,-2.015498577863383,4.436923033097842e-19,Downregulated
PYGM,-2.2307176524883148,4.443268132835048e-19,Downregulated
CCDC141,-3.82727174870192,4.480191868042706e-19,Downregulated
GEN1,1.650380733808543,4.48550924441719e-19,Upregulated
HSPB7,-3.1892355664594216,4.508446972822127e-19,Downregulated
GINS4,2.821359496553499,4.569873305328566e-19,Upregulated
ELTD1,-2.059806694460751,4.588389015029947e-19,Downregulated
SNURF,-2.4116627331096345,4.6006890072387e-19,Downregulated
CASS4,-2.9997605775221894,4.6006890072387e-19,Downregulated
FLAD1,1.1649036516049005,4.614989837390156e-19,Upregulated
CD300LF,-3.1456633161088154,4.706801431905411e-19,Downregulated
PTPRM,-2.404705329152266,4.7414742125954e-19,Downregulated
ZBTB47,-1.49999485177125,4.775889802233247e-19,Downregulated
GPI,1.4282354941183808,4.775889802233247e-19,Upregulated
PEBP4,-6.508307219652021,4.857027135907859e-19,Downregulated
RBM28,1.16588405917142,4.897511416964787e-19,Upregulated
PKP3,2.120784101904537,4.965054693946254e-19,Upregulated
GRHL3,5.000516822395873,4.999599376413545e-19,Upregulated
PARD6G,1.9211737678076144,5.063710829928228e-19,Upregulated
CPED1,-2.8335158100816558,5.150166216919152e-19,Downregulated
TCF3,1.3776477771310205,5.193660138142462e-19,Upregulated
DTYMK,1.322354138599147,5.206866606846127e-19,Upregulated
TUBB1,-3.495498950309922,5.256021093095407e-19,Downregulated
GUCA2A,-3.843483631465488,5.263889284098493e-19,Downregulated
RFC2,1.0490223423255625,5.275067025788059e-19,Upregulated
KNTC1,2.039594054980994,5.364387437332764e-19,Upregulated
LILRA2,-2.975683802272428,5.389024315502754e-19,Downregulated
PTPN21,-2.5752998935149174,5.389024315502754e-19,Downregulated
MORC2,1.0147070174891637,5.389024315502754e-19,Upregulated
FCHO2,-1.4903918748471303,5.389024315502754e-19,Downregulated
ACTN2,-3.483970759959941,5.474002717930875e-19,Downregulated
ABLIM3,-2.633317356482693,5.523247397451486e-19,Downregulated
OGN,-4.393682141569601,5.523247397451486e-19,Downregulated
SIDT2,-1.5121575853065536,5.525839950757003e-19,Downregulated
ST7,-1.2029433492522834,5.563144858182622e-19,Downregulated
ALDOA,1.016862734867816,5.594586154161298e-19,Upregulated
DDAH1,-2.2345012579797148,5.614014348665009e-19,Downregulated
FAM124B,-2.4415330374095534,5.67333219520689e-19,Downregulated
KRT17,5.965486048323065,5.73259235220101e-19,Upregulated
CAD,1.427254849837256,5.744849230096903e-19,Upregulated
MUSTN1,-5.017226742296146,5.800194736162361e-19,Downregulated
KRTAP4-1,3.515917150777291,5.80423438856429e-19,Upregulated
RBP2,-5.465227372043925,5.80423438856429e-19,Downregulated
SH2D4B,-2.187320801193232,5.825272212751549e-19,Downregulated
DOCK4,-2.3076448804527745,5.918716764715933e-19,Downregulated
ALG3,1.673136558080996,5.992365919502089e-19,Upregulated
UBL3,-1.821369099126227,6.054640373141419e-19,Downregulated
LST1,-2.5811752089990705,6.131211755391915e-19,Downregulated
PAFAH1B3,1.9288229519820543,6.338851567236112e-19,Upregulated
BCL2L10,3.647275106273846,6.444800096445439e-19,Upregulated
LEFTY2,-3.6295694265637946,6.473349920270537e-19,Downregulated
CXCL16,-2.0366678259701665,6.480727441193982e-19,Downregulated
PRKCZ,-1.7056853576967974,6.539670609795953e-19,Downregulated
RAB44,-1.8222379029689155,6.6114681496638475e-19,Downregulated
PNPLA6,-1.6490190492594383,6.669315489855399e-19,Downregulated
RFC5,1.477254363502034,6.67056149013104e-19,Upregulated
CITED2,-2.451175873953334,6.721678441783485e-19,Downregulated
GNG4,4.4499334957558805,6.740063848624662e-19,Upregulated
AQP4,-6.112387706709503,6.765350113073359e-19,Downregulated
MGLL,-2.5992163549486555,6.776859943314011e-19,Downregulated
OTC,-3.32883088136756,6.920031958556079e-19,Downregulated
KRT6B,6.953040549769263,6.920031958556079e-19,Upregulated
FLVCR2,-2.421763944483935,6.960199567305588e-19,Downregulated
APOBEC3B,2.942537055628775,7.078041047616221e-19,Upregulated
UPK3B,-5.081482154698395,7.14185071165297e-19,Downregulated
MAMDC2,-4.157065297844336,7.14185071165297e-19,Downregulated
MSR1,-3.2821558430904467,7.2366774382353795e-19,Downregulated
OTUD1,-1.7547017920732095,7.526918847790636e-19,Downregulated
PSMD11,1.4329404836575623,7.528281030900735e-19,Upregulated
ASUN,1.3774436140374595,7.592513447181259e-19,Upregulated
WFDC1,-2.821967781382938,7.68325564667777e-19,Downregulated
NEDD9,-2.548041824060798,7.755541615190718e-19,Downregulated
FANCB,2.37410382820385,7.891670848006857e-19,Upregulated
CCDC58,1.478627004468109,8.234419487448856e-19,Upregulated
ANGPT1,-3.2621939046978614,8.308981857782967e-19,Downregulated
C1orf116,-3.0735280084797125,8.51156101799949e-19,Downregulated
IGIP,-1.6990198884472765,8.742859483303535e-19,Downregulated
FABP4,-5.651999307638111,8.785983680524894e-19,Downregulated
LHFPL3,-3.588820514868285,8.951205159454783e-19,Downregulated
HMGCLL1,-3.307497422336787,9.081177022064711e-19,Downregulated
CCDC137,1.0727454183408565,9.177285326253702e-19,Upregulated
C4orf32,-1.884515015692882,9.177285326253702e-19,Downregulated
CAV3,-3.461136530277609,9.239600304450084e-19,Downregulated
GLOD5,-2.86859105864236,9.257332072420784e-19,Downregulated
SLC5A9,-4.139151704582448,9.277032268129905e-19,Downregulated
GYPC,-2.539407850588681,9.520584850124114e-19,Downregulated
ACTL6A,1.8339210275530744,9.761681501300015e-19,Upregulated
ST8SIA6,-3.312521677505084,9.761681501300015e-19,Downregulated
PPAPDC1A,3.5509365003030657,9.890987968310189e-19,Upregulated
RHOBTB2,-2.9947125768118914,9.95910860496869e-19,Downregulated
KLC3,2.611564388164565,1.0160611669838985e-18,Upregulated
AAED1,-1.2935227130881426,1.0227046657478474e-18,Downregulated
CTSO,-1.7207916221673614,1.034606858733737e-18,Downregulated
PILRA,-2.388426824577574,1.0367886305858046e-18,Downregulated
PDK1,1.785483241740855,1.0461000883700477e-18,Upregulated
NXPH3,-3.05130518535072,1.048374753833243e-18,Downregulated
C16orf89,-5.4811821170258685,1.055325088613248e-18,Downregulated
FOLR1,-5.688120896073996,1.0610108969282665e-18,Downregulated
NEGR1,-2.727421782936028,1.097749115822304e-18,Downregulated
BTD,-1.262155265832682,1.1442660749656902e-18,Downregulated
DLX6,5.169253090070632,1.2118440338729445e-18,Upregulated
NCKAP5,-2.997622994789237,1.2313079405413294e-18,Downregulated
PHACTR2,-1.7294128706024692,1.2537175365433257e-18,Downregulated
FMO5,-3.3790196006732742,1.2854104497664948e-18,Downregulated
RNF180,-1.8821739448707515,1.2857218889372506e-18,Downregulated
NINJ2,-2.813733205994745,1.2862431274487089e-18,Downregulated
XXYLT1,1.928825523927955,1.2939788311723173e-18,Upregulated
MRPL3,1.4141171826164225,1.2982335019057818e-18,Upregulated
CLEC12A,-3.1749079396755304,1.3126799674601593e-18,Downregulated
TMEM150B,-2.9205696037672384,1.314358248693239e-18,Downregulated
COL11A1,5.511766176160534,1.3415603629940704e-18,Upregulated
MIA2,-2.6884516721471075,1.3505089425211032e-18,Downregulated
ZC3H8,1.5064738739172483,1.368729160922833e-18,Upregulated
PABPC1,1.0354901728800687,1.3823078893331926e-18,Upregulated
CD33,-2.508246906391296,1.4435861779452582e-18,Downregulated
SELP,-3.4696559940699503,1.4510420276155693e-18,Downregulated
INCA1,-1.58954545453276,1.46079143355862e-18,Downregulated
CYP27A1,-2.8921550414140658,1.463867456652469e-18,Downregulated
MAGI3,-1.7519541023705107,1.4795586306166711e-18,Downregulated
CYBRD1,-2.3707819104289456,1.4812869998069544e-18,Downregulated
MARCO,-4.592935692929993,1.4812869998069544e-18,Downregulated
PIGR,-5.423926199471906,1.4945025971043233e-18,Downregulated
F8,-2.137845916060325,1.4953980462635992e-18,Downregulated
GJA4,-2.365493395113305,1.5033121536678946e-18,Downregulated
GUCY1A2,-2.3970541654187203,1.5136380161435172e-18,Downregulated
GNAQ,-1.3888216987891884,1.5352297886213313e-18,Downregulated
ALOX5,-3.0135264230993144,1.5352297886213313e-18,Downregulated
COL4A3,-4.5146262335077605,1.5403854586594262e-18,Downregulated
KCTD12,-2.041172470710197,1.542588305003395e-18,Downregulated
PLSCR4,-1.9490145875913292,1.542588305003395e-18,Downregulated
TMEM47,-2.260009532364972,1.54529626606838e-18,Downregulated
LMOD1,-2.9211738535013643,1.5950784086767361e-18,Downregulated
POLR2H,1.5380397231910798,1.6241567594234902e-18,Upregulated
NPC2,-1.8270587998213763,1.6438037175618916e-18,Downregulated
ESRP1,1.385683701474898,1.6544695249631688e-18,Upregulated
PCDHAC2,-2.712525853710991,1.6859415086638476e-18,Downregulated
PCDHGA3,-2.3240836130504388,1.6864007402311373e-18,Downregulated
FPR2,-3.752550386975116,1.6910053360394344e-18,Downregulated
NR3C2,-2.952536258063933,1.6928626790457525e-18,Downregulated
ENPP4,-2.601972694347279,1.7354862543148333e-18,Downregulated
FAM184A,-3.1088675886471284,1.7362662707342995e-18,Downregulated
ST3GAL5,-2.540787884351814,1.745869464026658e-18,Downregulated
HMMR,3.099631412772897,1.755686723852404e-18,Upregulated
TLR8,-2.833314439114312,1.7667381170647573e-18,Downregulated
ATP1B2,-2.605937250092284,1.7720824509572163e-18,Downregulated
PCNA,1.6739201954426264,1.7779823628010184e-18,Upregulated
XPO5,1.1723541504540922,1.7783706178950807e-18,Upregulated
COLEC12,-2.9319564856166744,1.8026923824485357e-18,Downregulated
DLX5,4.613851515051588,1.808497327071198e-18,Upregulated
TSPAN13,-1.8970581938036075,1.8350327186213254e-18,Downregulated
ADRB2,-3.4498056908894004,1.8357909474739886e-18,Downregulated
HNF1B,-4.7399948216730685,1.8385237587735336e-18,Downregulated
CDKL2,-2.938773293666603,1.872836679923924e-18,Downregulated
OCLN,-2.284689381883478,1.9255070597926055e-18,Downregulated
PCDH9,-3.283078278174296,2.0063283662172207e-18,Downregulated
UNC45B,-2.5950104351212984,2.0063283662172207e-18,Downregulated
SHANK3,-1.6309775110687594,2.0276581927556905e-18,Downregulated
LRRC70,-2.221349550113426,2.042912155898883e-18,Downregulated
TPBG,2.0205844660114307,2.042912155898883e-18,Upregulated
FOXA2,-4.345522590961228,2.0557317357395392e-18,Downregulated
SFXN1,1.806076357538771,2.0656204945957393e-18,Upregulated
DCDC2,-3.3709456962097364,2.070951482746428e-18,Downregulated
MEF2C,-2.1513730853593023,2.0750666550648127e-18,Downregulated
CCND3,-1.7356860343017573,2.082567031723854e-18,Downregulated
SPATA6L,-2.1891808413699696,2.1080819981202892e-18,Downregulated
GJB2,5.227475019562427,2.1856227621541404e-18,Upregulated
PCDP1,-3.811764976291913,2.1956203274430026e-18,Downregulated
ZNF763,-1.9437180400016736,2.1956203274430026e-18,Downregulated
RRM1,1.472745324929214,2.2295945313948976e-18,Upregulated
ATP13A4,-4.034850898582186,2.25270139634743e-18,Downregulated
SPNS2,-2.586862731432064,2.257409413213896e-18,Downregulated
GINS3,1.7564646021174264,2.264214533947283e-18,Upregulated
C8orf34,-3.302495533626067,2.278097000093811e-18,Downregulated
AKAP13,-1.59392160632199,2.3331083269513704e-18,Downregulated
CDO1,-3.6627754229839145,2.3338706425903443e-18,Downregulated
TMBIM4,-1.0111771642444722,2.376721496281311e-18,Downregulated
STARD13,-2.364104922769406,2.382457672152295e-18,Downregulated
SLC16A12,-2.911341227951467,2.4074249762989373e-18,Downregulated
CYP4V2,-1.9399977044374168,2.4399509653207064e-18,Downregulated
TUBG1,1.2201973459412674,2.4870068626774244e-18,Upregulated
RMDN3,-1.329020902297664,2.5036140285881933e-18,Downregulated
CBX7,-1.935683662631046,2.531614182417289e-18,Downregulated
PNPLA2,-1.4578421061884723,2.531614182417289e-18,Downregulated
BTK,-2.571364569780048,2.531614182417289e-18,Downregulated
HOPX,-3.355297221680269,2.5544050169831167e-18,Downregulated
BMP5,-3.791600105733835,2.5843021406637097e-18,Downregulated
INCENP,1.6509753016084376,2.5844872708104943e-18,Upregulated
RAB27A,-1.4278433835046798,2.5950517257492816e-18,Downregulated
CEACAM21,-2.8037090943435503,2.599069260145099e-18,Downregulated
AC079210.1,-2.5271840594497736,2.6068937118647212e-18,Downregulated
CELSR2,2.3417690511100684,2.6980846098966747e-18,Upregulated
GPR65,-2.3584444802087985,2.698279243166721e-18,Downregulated
NDE1,1.7001993920624727,2.7026353043116923e-18,Upregulated
TACC1,-2.129608773628481,2.759546202942439e-18,Downregulated
CCDC85A,-3.5273849254104435,2.7743183857614464e-18,Downregulated
HOXD11,5.112788540404235,2.7778620232525454e-18,Upregulated
SLC6A20,-3.698364316598534,2.7857587903640896e-18,Downregulated
ZMYND15,-2.4004669943022767,2.7857587903640896e-18,Downregulated
CFTR,-3.96744223144546,2.8041082247246557e-18,Downregulated
CHRDL1,-4.617498639844212,2.8086263210172932e-18,Downregulated
CPEB3,-1.3274393502188202,2.8357421562836997e-18,Downregulated
CDCA7,3.2915780000878376,2.8432310455441293e-18,Upregulated
BRIX1,1.5235291342698165,2.8527131697953373e-18,Upregulated
PGLYRP3,5.278200458186129,2.8568836169172444e-18,Upregulated
VAMP5,-1.9705867776241772,2.8568836169172444e-18,Downregulated
BRCA1,1.857460816373302,2.8568836169172444e-18,Upregulated
RRAD,-3.5280236086825187,2.9316470880533923e-18,Downregulated
IL1RL1,-4.450595255633977,2.974010692349561e-18,Downregulated
SLC1A7,-2.4213163814227,2.998306988269124e-18,Downregulated
SPRY4,-2.2150966484992765,3.0025670042765552e-18,Downregulated
ARC,-3.4849116283200563,3.006460805922759e-18,Downregulated
RNF125,-1.783175111491265,3.036873071778505e-18,Downregulated
VSIG4,-3.617257100327592,3.0719086369909643e-18,Downregulated
SPP1,4.207253411387095,3.1616355053065473e-18,Upregulated
TMEM132C,-3.5897917940537427,3.1739023143266192e-18,Downregulated
RASGRF1,-5.233778486859685,3.1825646733657786e-18,Downregulated
C1orf198,-1.6101942856879496,3.1825646733657786e-18,Downregulated
AKR1B10,6.513061055017444,3.203462099024197e-18,Upregulated
LAT2,-2.1364712392414944,3.2131320096502306e-18,Downregulated
PKIG,-1.806863509958108,3.222835263583548e-18,Downregulated
CISH,-1.956467964920092,3.2640917309320602e-18,Downregulated
NAA50,1.2535291855397317,3.2640917309320602e-18,Upregulated
RUSC1,1.0070621762898408,3.2812118291008113e-18,Upregulated
HRC,-2.420664773407022,3.311861846819877e-18,Downregulated
MAP3K8,-1.7325506417246714,3.4617668094330437e-18,Downregulated
PPAT,1.910194721189355,3.560106770620673e-18,Upregulated
AL590822.1,-1.6755499446558024,3.58664770507898e-18,Downregulated
LIMD1,-1.703925279724082,3.5930018253619935e-18,Downregulated
FYCO1,-1.4450965153979691,3.6828149832134734e-18,Downregulated
OPA1,1.6268611244572335,3.7389610557110216e-18,Upregulated
SHISA3,-3.559673191961485,3.777556553768232e-18,Downregulated
TBRG4,1.058627314249721,3.777556553768232e-18,Upregulated
MCM6,1.718422529481388,3.833191471407799e-18,Upregulated
GNAI2,-1.2027448013743722,3.9019397303855686e-18,Downregulated
STS,-1.7717773290231378,3.973958726264583e-18,Downregulated
SPARCL1,-2.6047063262655072,3.991365019869553e-18,Downregulated
RSRC1,1.313921720897531,3.993117797162027e-18,Upregulated
CSRP1,-1.3750979570761075,3.993117797162027e-18,Downregulated
C11orf96,-3.0354940968984803,4.076601376799858e-18,Downregulated
YWHAZ,1.0643137837183314,4.100468435923252e-18,Upregulated
TBX2,-2.456659828134652,4.114263279601997e-18,Downregulated
RHOB,-2.0494120381177847,4.1311015290868735e-18,Downregulated
PLIN5,-2.801806585186794,4.1712131317960865e-18,Downregulated
CASKIN2,-1.8064647142702237,4.1712131317960865e-18,Downregulated
A2ML1,5.587784608067119,4.1712131317960865e-18,Upregulated
TRIM59,1.9990315575429456,4.185584275453156e-18,Upregulated
CARD16,-1.807451955293468,4.187825183536973e-18,Downregulated
HOXA10,4.194719085332256,4.1928109676285795e-18,Upregulated
VIPR1,-3.726080608709087,4.270561689415731e-18,Downregulated
SLIT3,-3.173950717683745,4.308975872519195e-18,Downregulated
ALOX5AP,-3.1998057646032265,4.364018302052544e-18,Downregulated
SHOX2,3.6360659265903976,4.364018302052544e-18,Upregulated
SIRPD,-2.923240745380882,4.390436121196364e-18,Downregulated
DAAM2,-2.5031315090520634,4.3962659567281266e-18,Downregulated
BOP1,1.737650687758899,4.423825870662937e-18,Upregulated
PEAK1,-1.952155793803004,4.499680272019871e-18,Downregulated
OVCH1,-4.200879276827692,4.500535486697538e-18,Downregulated
HECW2,-2.0670607605224216,4.615310348209163e-18,Downregulated
E2F8,3.133813911355987,4.665263105234256e-18,Upregulated
SLC7A5,2.930384984172176,4.712629392669133e-18,Upregulated
FAM189A1,-2.782080686213866,4.752699651449518e-18,Downregulated
MS4A14,-2.62605497488712,4.7692971996248625e-18,Downregulated
CADM1,-2.7741255863419187,4.7735733240290825e-18,Downregulated
SMIM6,-3.928255431276212,4.7735733240290825e-18,Downregulated
ITGA9,-2.455920043466865,4.7735733240290825e-18,Downregulated
PLEKHO2,-1.5668622152804057,4.9064992739690194e-18,Downregulated
SH2D1B,-2.647885455234138,4.917705648198971e-18,Downregulated
VIP,-2.514880601371113,5.095761470784187e-18,Downregulated
CSF3R,-3.0317665793317534,5.193548616939466e-18,Downregulated
SLC4A4,-3.4892110889926173,5.240607234111954e-18,Downregulated
SYNPO,-2.1594123114811854,5.324751479009448e-18,Downregulated
PDE8B,-2.0081796381512014,5.363937670211608e-18,Downregulated
DNA2,2.084720760374597,5.4376265727128615e-18,Upregulated
GPR4,-1.994696400628952,5.593971099353957e-18,Downregulated
SPATS2,1.1062744681075678,5.628594688541671e-18,Upregulated
CRBN,-1.1354929888728709,5.6713766577523945e-18,Downregulated
DDO,-2.563160021013509,5.710826688019032e-18,Downregulated
ACAA1,-1.076664827329159,5.729809322317533e-18,Downregulated
GJB6,6.464148771080284,5.76204848409908e-18,Upregulated
C10orf54,-1.976077871069334,5.799085353442778e-18,Downregulated
PCDHA12,-3.6658605000785096,5.809617219259862e-18,Downregulated
HLA-DMA,-2.3623543983926485,5.8596585892974374e-18,Downregulated
FXYD4,-3.619314815411384,5.935172988885989e-18,Downregulated
APBB1,-1.9558749153728077,5.935172988885989e-18,Downregulated
CABP4,-2.377082947645017,5.974936757739658e-18,Downregulated
EPT1,1.6411836819410857,6.1094691225403844e-18,Upregulated
INMT-FAM188B,-3.867094265352276,6.1094691225403844e-18,Downregulated
C15orf41,1.65763526487265,6.1217897465030644e-18,Upregulated
SPI1,-2.460782480731284,6.294731994895287e-18,Downregulated
MEX3A,3.311392936575804,6.299340631912749e-18,Upregulated
SGMS2,-2.4886393782688128,6.314787010313218e-18,Downregulated
TMED6,-2.2021812715666265,6.443412695944022e-18,Downregulated
TUBA1C,1.5460787984629558,6.450955172526368e-18,Upregulated
PPP2R2C,5.054332447785738,6.4739710397449154e-18,Upregulated
LCN6,-4.30770681047003,6.515658240037312e-18,Downregulated
TMEM66,-1.0572555682421925,6.5718808751686656e-18,Downregulated
MAOB,-2.535690095181751,6.573050642847808e-18,Downregulated
SAMHD1,-1.987449359509576,6.5844507586026534e-18,Downregulated
KLF6,-2.0211767546592263,6.741173174342144e-18,Downregulated
WDR75,1.0109747919559222,6.7908443367206815e-18,Upregulated
B4GALT2,1.2092163205714144,6.872894616541446e-18,Upregulated
P2RY12,-2.9747569527646367,6.9153858103114105e-18,Downregulated
FCRL6,-2.7421555188505504,7.055634924967881e-18,Downregulated
CELF2,-2.6752920061761927,7.15071240626985e-18,Downregulated
METTL8,1.440000489419396,7.204799949411509e-18,Upregulated
AZU1,-2.9744410228587315,7.210847991970066e-18,Downregulated
PUS7,1.5476439686160193,7.497962438049347e-18,Upregulated
AHCY,1.2776470179761468,7.497962438049347e-18,Upregulated
EXOSC5,1.3964705383389635,7.562321000289041e-18,Upregulated
DCSTAMP,-3.134928521787497,7.84892831834808e-18,Downregulated
PGC,-7.230549992067428,7.882245412132569e-18,Downregulated
TMEM204,-2.227451652018889,7.882245412132569e-18,Downregulated
DISP1,-2.284927099139736,7.93008143520917e-18,Downregulated
ACOX2,-2.5037258310845543,7.943113965684575e-18,Downregulated
NPM3,1.8972536851352828,7.96877816668306e-18,Upregulated
CTB-133G6.1,-2.917182810317306,7.997226479320413e-18,Downregulated
STARD9,-2.618429901138517,8.027463952143396e-18,Downregulated
REN,-2.631476183096198,8.234294184865084e-18,Downregulated
EPN3,3.618601695047564,8.260191875638298e-18,Upregulated
C2,-2.525097260264081,8.288823517290335e-18,Downregulated
PNMA2,-2.769579636729996,8.46786635342111e-18,Downregulated
CLIC2,-2.473523137186727,8.551345058018559e-18,Downregulated
STEAP4,-4.1223359071293295,8.5933842584146e-18,Downregulated
GPSM2,1.4223526602341172,8.680165091387825e-18,Upregulated
AC020907.1,3.7501291424082464,8.790922132510921e-18,Upregulated
C17orf72,-2.789953384062544,8.906147958026522e-18,Downregulated
CA1,-2.8783230916806484,8.991270712100402e-18,Downregulated
APOBR,-2.540964352459751,9.068783905007162e-18,Downregulated
CEACAM4,-2.4487942838629664,9.281987185837974e-18,Downregulated
RAPGEF5,-1.6921557756685726,9.281987185837974e-18,Downregulated
RCSD1,-2.249019646102945,9.413464302936204e-18,Downregulated
TK2,-1.1721538711535882,9.459444090387149e-18,Downregulated
PMP22,-1.8578429827533416,9.471546923995693e-18,Downregulated
FANCG,1.5737304839107311,9.489156279375264e-18,Upregulated
TMEM139,-4.3620270205752805,9.509468134601808e-18,Downregulated
SLC25A20,-1.4392110232010742,1.0104615738953253e-17,Downregulated
ZFP36,-2.530588365205295,1.015447268469326e-17,Downregulated
APOA1,-2.652146694490666,1.0202650658763726e-17,Downregulated
TMEM236,-2.3451721064472437,1.035082622562953e-17,Downregulated
ACSS3,-2.654896122797031,1.0354096410581666e-17,Downregulated
SVEP1,-2.5792123810301986,1.039479828570712e-17,Downregulated
CEP72,1.5556902866027,1.053092203023941e-17,Upregulated
CLIC3,-3.2382220119800724,1.0542019409859182e-17,Downregulated
FXR1,1.2511766858891598,1.0773873698089465e-17,Upregulated
ZNF385B,-4.440055460735872,1.0900059902835736e-17,Downregulated
EPHB3,2.234511165403169,1.1502379073170893e-17,Upregulated
PTHLH,4.893509377103554,1.1567250140623534e-17,Upregulated
FBXO32,2.1813654622140053,1.1681751002248845e-17,Upregulated
PHYHD1,-2.581174621100925,1.1681751002248845e-17,Downregulated
XPOT,1.3115673269569097,1.1910549847561676e-17,Upregulated
PKM,1.1878432314222105,1.1978983925677129e-17,Upregulated
MID1IP1,-1.5031344481820934,1.2010382011436825e-17,Downregulated
SNRPE,1.1305886508480398,1.201346612325534e-17,Upregulated
TXNIP,-2.168627241532281,1.2029227176864761e-17,Downregulated
FANCE,1.6368751781942024,1.2042836235041388e-17,Upregulated
LGALS4,-2.558679117611638,1.2140161653289766e-17,Downregulated
S100A4,-2.348823389172626,1.21881008240033e-17,Downregulated
NME5,-3.303455342415819,1.2245211518617897e-17,Downregulated
MYL9,-2.157647204282487,1.2481201564462543e-17,Downregulated
PAK1,1.5274519246066447,1.287340132917326e-17,Upregulated
DSC2,2.3348996636981374,1.3017162894254197e-17,Upregulated
CLEC4E,-2.40508429750168,1.3198343556792586e-17,Downregulated
MTFR2,2.158447037330217,1.3200004181892833e-17,Upregulated
CATSPER1,-2.2758340423904784,1.3238976888058309e-17,Downregulated
TRAF7,1.0041169052430856,1.3435670594046886e-17,Upregulated
HSPB2,-2.3745084884935714,1.3798619151040133e-17,Downregulated
TXNDC11,-1.071959798421318,1.3856883146291042e-17,Downregulated
STAC,-3.5293171169552897,1.3875106146622877e-17,Downregulated
MYOZ1,-3.4243528790950686,1.4082809999630174e-17,Downregulated
TMEM171,2.926600662786713,1.4212915102096048e-17,Upregulated
HEATR1,1.139211800623639,1.4239920203640178e-17,Upregulated
CDK4,1.265490530942179,1.4267647865416688e-17,Upregulated
GAL,4.342887066818812,1.4313811835588804e-17,Upregulated
GADD45B,-2.7080392556730164,1.4324462485331053e-17,Downregulated
DARS2,1.2076528090789609,1.4327699572975126e-17,Upregulated
SCGB3A1,-5.876506923130958,1.4344323058409635e-17,Downregulated
COL6A6,-3.902157435800297,1.444187135340869e-17,Downregulated
IRF6,2.360587188917643,1.444187135340869e-17,Upregulated
MGME1,1.3243081609290348,1.4454021762615584e-17,Upregulated
CELA2B,-3.3089417092599294,1.4539787303399545e-17,Downregulated
EIF4G1,1.018234987633491,1.455417483412185e-17,Upregulated
FGF18,-2.913663104994702,1.455417483412185e-17,Downregulated
RASSF1,-1.298823162669887,1.4581423579535778e-17,Downregulated
TCTEX1D1,-3.0177672641685303,1.4714372744630806e-17,Downregulated
PPAP2B,-1.6623525230207203,1.485658296276626e-17,Downregulated
ANGPTL5,-2.771915555995565,1.4995646565408538e-17,Downregulated
MCM5,1.4419628233449568,1.5321359539882058e-17,Upregulated
DENND3,-2.490781958881021,1.5607445528901233e-17,Downregulated
ANKRD44,-1.903152617029268,1.570389444097099e-17,Downregulated
GPRIN1,2.4387823955647834,1.57925623004796e-17,Upregulated
MITF,-2.126442877305699,1.614579419447573e-17,Downregulated
SELPLG,-2.544502806233508,1.6204569905454916e-17,Downregulated
TDP1,1.2105874383343591,1.64108836371718e-17,Upregulated
C12orf56,4.688789171642711,1.6608325981340652e-17,Upregulated
CARD14,2.8517579330346083,1.7078145025821688e-17,Upregulated
COL4A4,-3.526163157593042,1.7211357296452426e-17,Downregulated
LEPROT,-1.047842429676031,1.7211357296452426e-17,Downregulated
CRYM,-3.773952749188287,1.7278267645068773e-17,Downregulated
KCTD1,2.378038199363764,1.7388333690075678e-17,Upregulated
LAMP3,-3.3964758345730246,1.7494093354287606e-17,Downregulated
ALG1L,3.824871463330268,1.7556276122279864e-17,Upregulated
RASGEF1B,-1.999397675942645,1.7752808974351932e-17,Downregulated
ZMYND19,1.175686729559544,1.7752808974351932e-17,Upregulated
SASS6,1.4792351165444444,1.7768433725987766e-17,Upregulated
KRT5,6.387647889674871,1.7795216499788198e-17,Upregulated
CABLES1,-2.0966753943712373,1.7985022664267258e-17,Downregulated
ANG,-2.080402990168154,1.7985022664267258e-17,Downregulated
UGT2B4,-2.9669788353480104,1.8064068562467997e-17,Downregulated
PYCR1,2.5648992228176635,1.874198566117991e-17,Upregulated
TSKU,1.8111761131962787,1.874274413312548e-17,Upregulated
TFR2,2.3636681487638627,1.884541524384457e-17,Upregulated
CCNE2,2.2058998279579143,1.8900414972577745e-17,Upregulated
FIG4,-1.15608203473918,1.8906170130638202e-17,Downregulated
CA3,-3.7619160059722265,1.8928111369642128e-17,Downregulated
C10orf95,-2.6129543756571816,1.9356721881857574e-17,Downregulated
ZCWPW2,-1.4466164300892048,1.9386479240534944e-17,Downregulated
LRRFIP1,-1.444705609009043,1.9396682743953076e-17,Downregulated
ACOT1,-1.956851815679164,1.94828461161682e-17,Downregulated
ABCA3,-4.666277397468465,1.9652156731496226e-17,Downregulated
TBX5,-2.2864596479118333,1.9652156731496226e-17,Downregulated
SLC18A2,-1.3990232334456714,2.0017918465714056e-17,Downregulated
FAM174B,-2.024121957679476,2.0494455038390628e-17,Downregulated
TOPBP1,1.5133358709124003,2.05466328432006e-17,Upregulated
DENND2A,-2.6949112905356696,2.0588151830353402e-17,Downregulated
MVB12B,-2.196082602495566,2.0615368675071688e-17,Downregulated
AKR1B15,4.806870952646175,2.06290842582064e-17,Upregulated
ITGB4,2.59803941975799,2.069385820224895e-17,Upregulated
FGD3,-1.6415684274221007,2.128253430974536e-17,Downregulated
ITM2A,-2.868424771165974,2.1447027448496108e-17,Downregulated
ST6GALNAC5,-2.6133786678801902,2.1782526573648624e-17,Downregulated
CPAMD8,-3.4456943003852043,2.209905390993935e-17,Downregulated
KIF20B,1.5319819685598457,2.2655237125880613e-17,Upregulated
CCDC13,-2.274892002305295,2.276920629152095e-17,Downregulated
PAPSS2,-2.5925558373430637,2.2822142387146058e-17,Downregulated
PTPLAD2,-1.6788199327317024,2.3615494363528286e-17,Downregulated
L2HGDH,1.3305817707165923,2.372225077721138e-17,Upregulated
RAB10,1.0945102813512977,2.4271956940412177e-17,Upregulated
ZNF25,-1.14904569465076,2.4271956940412177e-17,Downregulated
CD99L2,-1.099610426428132,2.4344950151079236e-17,Downregulated
KDR,-2.418039901901243,2.4535685714003922e-17,Downregulated
DOCK8,-2.318042342172066,2.4724906695043065e-17,Downregulated
CTSS,-2.425097865074516,2.4817399806950488e-17,Downregulated
SFTA3,-6.103773165044571,2.523546118926337e-17,Downregulated
SLC16A11,-2.3977365098257124,2.5318634973198805e-17,Downregulated
ZNF695,4.137456759923133,2.534121834119993e-17,Upregulated
NME1,1.9458829268987736,2.547341436130784e-17,Upregulated
C1orf131,1.0599977521697737,2.5595932356093357e-17,Upregulated
SECTM1,-1.7025470109557297,2.566684842739354e-17,Downregulated
C1orf228,-2.251203466746123,2.567868723516409e-17,Downregulated
HK3,-2.5851011378696303,2.5718097602456486e-17,Downregulated
KLHDC1,-1.5101520431724058,2.5978099778170054e-17,Downregulated
GIPC2,-2.763142580645117,2.5978099778170054e-17,Downregulated
CALML3,7.132758279406324,2.613449425303613e-17,Upregulated
LPCAT1,-2.371961371573736,2.8291667368143504e-17,Downregulated
NLRP12,-2.9071580061433635,2.86210515699177e-17,Downregulated
PSMC3IP,1.2690136581495706,2.8636929170973225e-17,Upregulated
POC1A,1.6019694720884292,2.882303343415326e-17,Upregulated
TYROBP,-2.429803673782306,2.8933860772021256e-17,Downregulated
TCEAL1,-1.1370568686701894,2.9024541427630507e-17,Downregulated
KCNK17,-2.7779615798397668,2.9746649314471457e-17,Downregulated
ADCY9,-1.685080346837526,2.983673016905688e-17,Downregulated
FAM65A,-1.326665003564715,3.037009202347059e-17,Downregulated
FPR1,-2.712552208191579,3.0380725306865344e-17,Downregulated
USH1G,3.883399277521144,3.058158040227437e-17,Upregulated
NCBP2,1.1139213048187084,3.058158040227437e-17,Upregulated
CSNK2A1,1.1329396700091865,3.1170878124029145e-17,Upregulated
GJB4,3.717877720146342,3.1344391024917504e-17,Upregulated
PCSK2,-3.8869013285481455,3.1532569333451784e-17,Downregulated
SFTPD,-6.091563647197302,3.159288782899885e-17,Downregulated
SGMS1,-1.0692145759052334,3.170856806188078e-17,Downregulated
CHRM1,-3.717200401337751,3.175225441714895e-17,Downregulated
AFAP1L1,-1.8464834283077307,3.1846705397241525e-17,Downregulated
KLHL41,-2.4318624701147087,3.1936511248181294e-17,Downregulated
SLC16A4,-2.5346997531901687,3.201730692357247e-17,Downregulated
ZEB1,-1.8935189502516143,3.220698266742907e-17,Downregulated
FOXE1,5.637257742349908,3.278984815683168e-17,Upregulated
PTH1R,-2.893338424259869,3.278984815683168e-17,Downregulated
ARHGEF10,-1.8523480010393647,3.337119906528085e-17,Downregulated
CLSPN,3.027508738700157,3.3764100057063283e-17,Upregulated
GTF2IRD1,1.2494104994525976,3.4776200619349224e-17,Upregulated
NDC1,1.4186289510464274,3.4829984743245355e-17,Upregulated
TMOD1,-2.5049037276749218,3.565036160836389e-17,Downregulated
KCNA5,-3.2287775581526184,3.570687981605974e-17,Downregulated
OMG,-4.305352429961273,3.624475231311905e-17,Downregulated
SESN1,-1.5896091827841,3.6534469691236965e-17,Downregulated
RAPGEFL1,2.6213812534990497,3.69310135043993e-17,Upregulated
TPRXL,3.437636224730116,3.7015281618781307e-17,Upregulated
LRCH2,-2.12952114223227,3.7181497654734206e-17,Downregulated
KNOP1,1.4568658861948656,3.763580432189287e-17,Upregulated
SMAD6,-2.83372829226978,3.7755077767389335e-17,Downregulated
ZC3H12B,-1.6433073215665828,3.7936021884855265e-17,Downregulated
UTRN,-1.7907849453488345,3.797817237022959e-17,Downregulated
LRRC18,-3.527025924076937,3.801862587888964e-17,Downregulated
ADAMTSL3,-3.1728578655889965,3.801862587888964e-17,Downregulated
COL4A3BP,-1.0327433320720338,3.9013844262923655e-17,Downregulated
B3GALNT2,1.159805991899585,3.90329052770545e-17,Upregulated
ATP11A,-2.1764664084675616,3.918561166210637e-17,Downregulated
SLC8A3,-2.506340053689685,4.005444494541606e-17,Downregulated
GNMT,-2.3619856425600587,4.0174646344390446e-17,Downregulated
SDCBP,-1.3623537121844986,4.0310734358701677e-17,Downregulated
ANO5,-2.632313334531419,4.0916834809704265e-17,Downregulated
RBMS2,-1.6943091762197868,4.0916834809704265e-17,Downregulated
XRCC3,1.4505830594066298,4.153821943631846e-17,Upregulated
ARHGAP30,-1.940384935314242,4.161410679845295e-17,Downregulated
KMO,-2.5578616173101825,4.191851029639826e-17,Downregulated
GRAMD2,-2.9406154887374347,4.216873907178266e-17,Downregulated
TMEM163,-3.149655705857546,4.308257129170446e-17,Downregulated
SPERT,3.0488896203547817,4.3901550408759723e-17,Upregulated
NFE2,-2.940694079991112,4.3974108558977846e-17,Downregulated
RCCD1,1.4450907330790512,4.4657602610747253e-17,Upregulated
ACP5,-2.300588249029176,4.4856325539027855e-17,Downregulated
LAMB2,-1.6970590081706938,4.545893417591865e-17,Downregulated
CENPK,2.2750896232965587,4.5542674183540274e-17,Upregulated
COX7A1,-2.4788259982250764,4.556476619363684e-17,Downregulated
CST1,5.171274847035325,4.6091645102498516e-17,Upregulated
FAM162A,1.478039743492893,4.650185444529386e-17,Upregulated
APOL3,-2.257848044074361,4.8150878079945725e-17,Downregulated
SCIMP,-3.003731031783074,4.837308909426213e-17,Downregulated
DARC,-4.290982889132171,4.8508795048640836e-17,Downregulated
BDH2,-1.3419623175663755,4.879796389171601e-17,Downregulated
LGI4,-2.446237235431592,4.938931275112653e-17,Downregulated
SNRPB,1.177843276399669,4.97299748352973e-17,Upregulated
MLPH,-3.520002426494848,5.032784948049931e-17,Downregulated
ADH1A,-2.7273987553737937,5.2168060635204825e-17,Downregulated
MYO1F,-2.0468580766868465,5.220034767548965e-17,Downregulated
NEK7,-1.2684300880477384,5.223723863295621e-17,Downregulated
PRICKLE2,-1.944318373085311,5.228926435854221e-17,Downregulated
CHRNA5,2.7565968082198378,5.300621594119625e-17,Upregulated
C19orf35,-1.966470722577787,5.300621594119625e-17,Downregulated
ITGA10,-2.480322042274638,5.37265467197994e-17,Downregulated
FNIP2,-1.672943453739422,5.37912340361004e-17,Downregulated
LCLAT1,1.0690062169090195,5.380728142138579e-17,Upregulated
NSUN2,1.0903918760496474,5.435735074253526e-17,Upregulated
AKAP5,-1.7243578479873802,5.484974407457089e-17,Downregulated
ZBTB4,-1.312546661768911,5.484974407457089e-17,Downregulated
STYK1,1.884124234231648,5.557238245151854e-17,Upregulated
ITIH3,-2.8726071224724863,5.614127720418467e-17,Downregulated
TEC,-1.4386020242479622,5.62826792369493e-17,Downregulated
POLD2,1.0554903504099862,5.704047027895304e-17,Upregulated
ALAS1,-1.037451307828297,5.716881987997514e-17,Downregulated
PLEKHH2,-2.732361138681359,5.716881987997514e-17,Downregulated
QSOX1,-1.3101968683776235,5.819504488115391e-17,Downregulated
IQSEC1,-1.4594106504698503,5.943174099497122e-17,Downregulated
SLC34A2,-5.530539526457503,5.988126444394455e-17,Downregulated
HLA-DRB5,-2.71039039075397,6.050688852586821e-17,Downregulated
HOXC8,3.482198884448712,6.10164890286567e-17,Upregulated
TMEM79,2.2931416821786144,6.10164890286567e-17,Upregulated
EIF4EBP1,2.087254475441407,6.122739761843701e-17,Upregulated
ALPL,-3.189802223189657,6.14872298171533e-17,Downregulated
JUND,-1.8049020304558496,6.404057568463401e-17,Downregulated
DOCK11,-2.1325425949853365,6.430399370241754e-17,Downregulated
NEXN,-2.4492055789771543,6.455546002888769e-17,Downregulated
SFTA2,-6.593409426218511,6.582006415630726e-17,Downregulated
HDGF,1.0835292458742316,6.589804157183368e-17,Upregulated
SLC26A9,-3.993386434502102,6.601863501342736e-17,Downregulated
GREM2,-2.4926906737965595,6.789390555213043e-17,Downregulated
MFSD7,-1.9507939320051195,6.811160155553731e-17,Downregulated
N4BP2L1,-1.6847086863279008,6.818135809203032e-17,Downregulated
FAT4,-2.3526555145348462,6.821739214249767e-17,Downregulated
RAB11FIP2,-1.2717755233197972,6.892831476061507e-17,Downregulated
TYMS,2.404893935088883,7.094036815000478e-17,Upregulated
GIPC3,-1.990428515642208,7.111755154934071e-17,Downregulated
CXCL2,-4.287224034070096,7.165546016544684e-17,Downregulated
PLEKHG6,2.6227562211418007,7.207945122926843e-17,Upregulated
P4HTM,-1.1850988931488828,7.237077218261917e-17,Downregulated
ACSS2,-1.0803909560031428,7.280865872678327e-17,Downregulated
LY86,-2.749410046174069,7.325712610257519e-17,Downregulated
TCF19,1.5846961834517683,7.34899987584946e-17,Upregulated
MYL3,-2.452722994913073,7.394255768468217e-17,Downregulated
PXDC1,-1.3613703565859137,7.431671600679617e-17,Downregulated
B3GNT7,-2.6190394018026284,7.434002728327693e-17,Downregulated
SH3GL2,-3.520720414370623,7.490418592127468e-17,Downregulated
R3HDM1,1.094312966196811,7.515505049531163e-17,Upregulated
HYI,-1.2070600733622996,7.53483420111807e-17,Downregulated
PTGIR,-2.1437618555946143,7.550399805174237e-17,Downregulated
APH1B,-1.0788186365442067,7.561375294807578e-17,Downregulated
CAV1,-3.4527473007028373,7.583010248279298e-17,Downregulated
KLF17,-1.979443307284156,7.678529851875929e-17,Downregulated
HDAC2,1.0629409192471844,7.678529851875929e-17,Upregulated
RAPGEF2,-1.7497984335741936,7.690410062238822e-17,Downregulated
CPOX,1.1564686640090862,7.697450889589195e-17,Upregulated
S100A2,5.373324877280512,7.702672161889795e-17,Upregulated
PNCK,4.391297381122072,7.714724921907667e-17,Upregulated
SHH,-3.1640585688043026,7.714724921907667e-17,Downregulated
ALYREF,1.0601962249868784,7.918305859184282e-17,Upregulated
CCL14,-4.360951090751719,7.924963579264257e-17,Downregulated
OLR1,-3.63979995956084,8.096548979439743e-17,Downregulated
CCL15-CCL14,-4.793190163061145,8.100099733712346e-17,Downregulated
RMDN2,-1.863930928842516,8.110144744601837e-17,Downregulated
BTN3A3,-1.7123511595345562,8.111834037006566e-17,Downregulated
AVPR2,-2.9172404369709604,8.173010360815421e-17,Downregulated
KIAA0040,-1.829801407583464,8.219607490307753e-17,Downregulated
TRPC6,-2.3550943064258503,8.219607490307753e-17,Downregulated
C11orf84,1.1007844269789882,8.395422103291489e-17,Upregulated
RBMS3,-2.1864902196701905,8.419184087446577e-17,Downregulated
RASAL1,3.3994781818771007,8.422538711622831e-17,Upregulated
LYL1,-1.8813717117954232,8.436379183998181e-17,Downregulated
LGALS7B,5.167282609916369,8.489148456324954e-17,Upregulated
WWC3,-1.430592106482136,8.63080110109881e-17,Downregulated
HLA-DRB1,-2.5050985291068777,8.778267232117028e-17,Downregulated
TMPRSS4,4.712314224408198,8.991761118127227e-17,Upregulated
RECK,-1.7723587508258127,8.998549838907471e-17,Downregulated
GCOM1,-3.2386214180687425,9.01848466487617e-17,Downregulated
RDM1,3.250737721895077,9.126789547590567e-17,Upregulated
FES,-1.5382392465228154,9.192177003266588e-17,Downregulated
PI16,-4.595714784183764,9.413646632823233e-17,Downregulated
SFTPA1,-7.712941382516918,9.486366794250459e-17,Downregulated
LRRC31,-2.905874109445218,9.522004556038211e-17,Downregulated
MSH6,1.3658853673933784,9.534790764093198e-17,Upregulated
C16orf86,-1.5452764264924506,9.607950872055232e-17,Downregulated
BIN2,-2.190974535177249,9.607950872055232e-17,Downregulated
DLG5,1.4543155135076278,9.754249579076907e-17,Upregulated
RP11-664D7.4,-4.525252709796318,9.764256312927304e-17,Downregulated
DEPDC7,2.028195807208468,9.764256312927304e-17,Upregulated
CDH3,3.2194103224561417,1.0039744856723374e-16,Upregulated
GCSAML,-2.3416099121845435,1.0072852852995346e-16,Downregulated
RFTN1,-2.142941624996132,1.0230808998567399e-16,Downregulated
GLRX,-2.0739218582108645,1.0466167952027484e-16,Downregulated
ARHGAP11B,1.6315781529730744,1.0466167952027484e-16,Upregulated
DVL3,1.3562748033982022,1.0515710773578494e-16,Upregulated
PARD6B,-1.9225388236914336,1.0761806520249001e-16,Downregulated
FAT2,5.240151095888434,1.0988198911613095e-16,Upregulated
TPPP3,-3.4786294217907123,1.099080868059993e-16,Downregulated
FAM13B,-1.1398039333131544,1.1169011620954354e-16,Downregulated
ATP10A,-2.6537359470321613,1.1269155849523703e-16,Downregulated
PSRC1,1.608829782630047,1.131257891031775e-16,Upregulated
TSC22D3,-2.097255676775804,1.1413463344700935e-16,Downregulated
C1orf168,-3.3237251854984486,1.1809767796384206e-16,Downregulated
CRTAC1,-4.590780727506694,1.1906593702117432e-16,Downregulated
SLC43A2,-1.46235249351977,1.1906593702117432e-16,Downregulated
FLT4,-2.370605107938119,1.202605780125493e-16,Downregulated
IGF2BP3,3.316688907788629,1.225008399815142e-16,Upregulated
WIF1,-6.0277026562518055,1.250828651466062e-16,Downregulated
WWP2,-1.0527460507645472,1.267046454978342e-16,Downregulated
PRG4,-4.956492722612568,1.267046454978342e-16,Downregulated
SSX2IP,1.2578493941938342,1.2688895983252642e-16,Upregulated
PCDHGA2,-2.2380536207853576,1.2688895983252642e-16,Downregulated
KLRF1,-2.745567203494374,1.2719307323160564e-16,Downregulated
PZP,-3.1288988827687083,1.3031832505666023e-16,Downregulated
TRIM22,-1.7270580078232634,1.3079600227548563e-16,Downregulated
SUV39H1,1.1066831139070246,1.3091960796434383e-16,Upregulated
GNG7,-2.49190598280971,1.3308246456303755e-16,Downregulated
EDN1,-2.6496038750515165,1.3396468551626926e-16,Downregulated
BEST1,-1.378441766734258,1.3449124759830475e-16,Downregulated
ABCC9,-2.094937157242008,1.3539557071305712e-16,Downregulated
PTGDR2,-1.95438009904426,1.3612317242132695e-16,Downregulated
SLC6A12,-1.9256972393079588,1.361674270427223e-16,Downregulated
EIF3B,1.032156676580632,1.3673678930458035e-16,Upregulated
NKX2-1,-4.907767087058046,1.3726286660019534e-16,Downregulated
IDNK,-1.3864648052039614,1.3726286660019534e-16,Downregulated
ZNF442,-1.4858250744052577,1.3860121863978388e-16,Downregulated
HLA-DPA1,-2.425098614228359,1.3949651961685882e-16,Downregulated
ITIH5,-3.602874145229066,1.3949651961685882e-16,Downregulated
TFPI,-2.5245091108942628,1.3949651961685882e-16,Downregulated
CST6,-2.8982554800389675,1.3949651961685882e-16,Downregulated
CD160,-2.4309257115072014,1.4103096610633287e-16,Downregulated
C10orf107,-3.629400267185557,1.413216888590001e-16,Downregulated
PVRL4,2.5572535437285087,1.4241888938684212e-16,Upregulated
RGS18,-2.220345903053871,1.44094073078666e-16,Downregulated
SLC27A3,-1.6839212320638666,1.4656168095683898e-16,Downregulated
GAPT,-2.619429232576918,1.4726050636109152e-16,Downregulated
SLC16A5,-2.0227474732308552,1.4826321807108042e-16,Downregulated
KCNA4,-3.236212603021147,1.5091786926024163e-16,Downregulated
MAGI1,-1.8235217193359592,1.519995826549858e-16,Downregulated
PRIM2,1.3654960113574577,1.5215239359190634e-16,Upregulated
CARD8,-1.2198029934925412,1.5473626316025674e-16,Downregulated
TNFRSF10C,-2.1429547858299323,1.5578289567213438e-16,Downregulated
ZMYND12,-2.105278080501985,1.577681542165017e-16,Downregulated
ERVFRD-1,-2.435580585684403,1.5830108272564102e-16,Downregulated
MAP6,-2.5901934330456315,1.586714755737652e-16,Downregulated
ZIC2,4.45867223174498,1.5915072238471412e-16,Upregulated
RBPMS,-1.8978410940477133,1.6101057490111858e-16,Downregulated
TOX2,-1.905104538773971,1.6569867369286323e-16,Downregulated
EMR3,-3.2486021045481395,1.6591800971953967e-16,Downregulated
NOD1,-1.2992137886113078,1.6600902707307862e-16,Downregulated
PPME1,1.0478430058299253,1.6608800738620054e-16,Upregulated
SERPING1,-2.0221569607228016,1.6716045618922624e-16,Downregulated
IGSF11,3.1390946235832544,1.6716045618922624e-16,Upregulated
MYL12A,-1.0064705271454049,1.6951112312150472e-16,Downregulated
LIFR,-2.6529376893489784,1.706445624723265e-16,Downregulated
TMPRSS2,-3.4223436413945745,1.7365350621646375e-16,Downregulated
SGCG,-3.7201787850374015,1.763907992034397e-16,Downregulated
PPP1R15A,-1.8823535010331904,1.7790936862645894e-16,Downregulated
WDR72,4.346346286353638,1.7793757765535746e-16,Upregulated
PKP1,4.989058587070651,1.789975071059732e-16,Upregulated
EVI2B,-2.454316852726412,1.789975071059732e-16,Downregulated
MGP,-2.862157588220146,1.7934049989544894e-16,Downregulated
RGS22,-3.113830226945876,1.8035200165424844e-16,Downregulated
PDE1B,-2.288792551632973,1.8363745359953462e-16,Downregulated
SPRR1B,6.585369539565752,1.8659987099371118e-16,Upregulated
SLC11A1,-2.760386353458749,1.873508067772098e-16,Downregulated
CD3EAP,1.6635668199594438,1.8772698031648527e-16,Upregulated
RGL1,-1.6325536753017629,1.8961574156201376e-16,Downregulated
H2AFZ,1.1090196499225762,1.8961574156201376e-16,Upregulated
MAPRE2,-1.3998040484041354,1.9246382907690734e-16,Downregulated
STAP2,1.3972567461545893,1.9556686730624702e-16,Upregulated
CCNI2,-2.1154461506176228,1.9556686730624702e-16,Downregulated
ADARB1,-2.122356791231158,1.9757603137637692e-16,Downregulated
FAM220A,1.0184329782041963,1.9888159561755046e-16,Upregulated
FCER1A,-3.1744273598225954,2.0290251294183e-16,Downregulated
ERO1L,1.7627465996004226,2.0388780458188863e-16,Upregulated
TCEAL2,-3.652288033715795,2.0512454849712382e-16,Downregulated
KREMEN2,4.724563050949882,2.057984886396848e-16,Upregulated
USP44,-2.628615457062612,2.1154854000989591e-16,Downregulated
RAB17,-2.8882381023751256,2.1190029973618016e-16,Downregulated
CCBE1,-3.16496885422822,2.1403633930220494e-16,Downregulated
SH3BGRL,-1.434510336789213,2.142365604793762e-16,Downregulated
TMTC3,1.3737245686163284,2.1538155550475707e-16,Upregulated
CD69,-2.7849227161447594,2.1538155550475707e-16,Downregulated
KCNQ1,-2.4774484391120515,2.162625155125132e-16,Downregulated
SORT1,-1.6535283208140736,2.1642676814115862e-16,Downregulated
TMEM182,1.3400159736935295,2.1642676814115862e-16,Upregulated
PDE2A,-2.591759182512467,2.2938106908108216e-16,Downregulated
TUBB,1.1605881775200242,2.3017040333411216e-16,Upregulated
AGTPBP1,-1.2182315095124556,2.3623463885090246e-16,Downregulated
TMEM213,-3.834723098558459,2.362801351836004e-16,Downregulated
HLA-DPB1,-2.3368624929107646,2.36598705241763e-16,Downregulated
CD1C,-2.7761920279797634,2.3753528148749345e-16,Downregulated
LRFN4,1.379014725425086,2.3753528148749345e-16,Upregulated
TMPRSS11E,5.1605351405907625,2.376485086927637e-16,Upregulated
GABRQ,3.366332198191309,2.382491788325872e-16,Upregulated
CA9,5.557380172054862,2.384295508746972e-16,Upregulated
COL17A1,4.849737986256557,2.389987169186648e-16,Upregulated
HRCT1,-3.1816972630187594,2.3922076331097246e-16,Downregulated
PIGX,1.7443112756070018,2.422207348023673e-16,Upregulated
PGAM5,1.1866672892434489,2.4568138295329686e-16,Upregulated
SLC39A6,1.1088269611759607,2.465279193917072e-16,Upregulated
KNDC1,-3.187031460235721,2.4809096588290237e-16,Downregulated
NR2F1,-2.284109674196703,2.486295747118605e-16,Downregulated
NAPSA,-6.198845518109527,2.5403865388692286e-16,Downregulated
DROSHA,1.1529401052870902,2.541286610253432e-16,Upregulated
PTGDS,-3.346667674089087,2.573196792815898e-16,Downregulated
FAM72B,1.5068948141159746,2.585677420979062e-16,Upregulated
JDP2,-1.8492165312720843,2.5911505897712e-16,Downregulated
ABHD14B,-1.0599988714505155,2.5981656404437585e-16,Downregulated
SNRPD1,1.3162732848488918,2.5981656404437585e-16,Upregulated
CADM4,1.414902866518288,2.620403131581126e-16,Upregulated
LILRA6,-2.316064682089457,2.666912472989138e-16,Downregulated
STAC3,-1.651201156732505,2.828119171738422e-16,Downregulated
MOCS1,-1.763141384673932,2.836150037562365e-16,Downregulated
TFAP4,1.7305757786001417,2.879942101598988e-16,Upregulated
STX2,-1.4909807871960252,2.912798325455619e-16,Downregulated
TMEM237,1.3407829961171522,2.9700670356981393e-16,Upregulated
IRAK1,1.1327434968590868,3.0616460598886583e-16,Upregulated
RPS27L,-1.092353232287218,3.08919071246832e-16,Downregulated
OLA1,1.1541183054397397,3.091726424759266e-16,Upregulated
GPR87,5.445967710273322,3.1135653332850913e-16,Upregulated
ALDH3B2,3.82837898427609,3.1135653332850913e-16,Upregulated
SFTPA2,-7.470188943666317,3.132471122442326e-16,Downregulated
CMAS,1.0031391394131166,3.1601851605117035e-16,Upregulated
GAREML,2.220024427777152,3.1642133724444873e-16,Upregulated
SIAH2,1.4174511301014423,3.180901710938914e-16,Upregulated
PTGFRN,2.0319607137308484,3.19415792316621e-16,Upregulated
S100A7,5.99891784671055,3.1995384169951153e-16,Upregulated
C6,-4.032342778628917,3.1995384169951153e-16,Downregulated
SMCO3,-2.551691567773277,3.1995384169951153e-16,Downregulated
SHC3,-2.1446283093356917,3.199762256382567e-16,Downregulated
SCTR,-4.1351721023025325,3.2295200712166984e-16,Downregulated
RARRES3,-2.127059082675009,3.23003259439406e-16,Downregulated
NUP37,1.16117694105683,3.238481785112586e-16,Upregulated
GRHL1,2.3108009735101813,3.2775518567405887e-16,Upregulated
PAG1,-1.9449223540365723,3.2889853422858727e-16,Downregulated
B2M,-1.4878431366903797,3.2958142124181154e-16,Downregulated
ERBB4,-2.920299824498336,3.315779046217818e-16,Downregulated
CYSLTR1,-2.301051680917351,3.3901668930937283e-16,Downregulated
BANK1,-2.331585215649202,3.4001424877369127e-16,Downregulated
BMPR2,-1.3519613458184896,3.4402509708159166e-16,Downregulated
TGM2,-2.390980699485917,3.4720707397367023e-16,Downregulated
LMO3,-4.160780112028533,3.4758605553294493e-16,Downregulated
GPSM3,-1.836470864668886,3.479732829190109e-16,Downregulated
IFITM2,-1.789411574298185,3.493838051238817e-16,Downregulated
PLA2G10,-2.7480369548087173,3.493838051238817e-16,Downregulated
WASF1,2.11726779473007,3.501227438985012e-16,Upregulated
LMO2,-2.2384316752015776,3.511872114666636e-16,Downregulated
MYRIP,-3.022454362034132,3.5207409156952483e-16,Downregulated
MRC1,-3.8751768448961847,3.58936783593095e-16,Downregulated
DENND1C,-1.231567619534479,3.624375235773282e-16,Downregulated
ENTPD7,1.3211678300707508,3.7067750615257183e-16,Upregulated
TOMM40,1.1019600265709268,3.7067750615257183e-16,Upregulated
ADAMTSL4,-2.792742302520998,3.7304930917852575e-16,Downregulated
SHFM1,1.2496079561511184,3.7304930917852575e-16,Upregulated
GPC1,2.1735285706097294,3.745561419715837e-16,Upregulated
GNGT2,-2.1497785673412237,3.778018835461935e-16,Downregulated
ART4,-3.746821371227792,3.803057277659923e-16,Downregulated
CKAP4,1.3725501885982858,3.8733029356366974e-16,Upregulated
BORA,1.2748971061919976,3.880996480447768e-16,Upregulated
KCNJ8,-2.057654926967881,3.901779418146545e-16,Downregulated
IRAK3,-2.015697734487923,3.9650617418563898e-16,Downregulated
SORBS2,-2.9027577826343807,4.0008374581613084e-16,Downregulated
NPNT,-2.426668207948937,4.0038601503487397e-16,Downregulated
CYBB,-2.534507089568045,4.0141849614659897e-16,Downregulated
CST3,-1.2411764111207173,4.039875041079629e-16,Downregulated
MARCH2,-1.1207863111783318,4.048608795566963e-16,Downregulated
RAB11FIP1,-2.286861525199136,4.1978165944945677e-16,Downregulated
PRR19,1.82371427401337,4.234991189362449e-16,Upregulated
MEMO1,1.0237266760548511,4.287202249073818e-16,Upregulated
CREBL2,-1.0019591967831405,4.298578996581893e-16,Downregulated
RANBP3L,-2.518418906202004,4.376842429187323e-16,Downregulated
SLC7A7,-2.281567386834716,4.379541614599067e-16,Downregulated
ZCCHC24,-1.7994099519674591,4.404270681219817e-16,Downregulated
RGS3,-1.416080142290852,4.4185023832999717e-16,Downregulated
ORC5,1.039804440013687,4.432952653362661e-16,Upregulated
ARHGAP20,-2.239772051246779,4.451192474827888e-16,Downregulated
WDR53,1.300389389583832,4.510888977858142e-16,Upregulated
MPC1,-1.1937236174119883,4.531348449594216e-16,Downregulated
RPH3AL,-2.1874480147970896,4.543184638105406e-16,Downregulated
CD36,-3.1874574442612005,4.625515150397486e-16,Downregulated
PGLYRP4,3.7806589027154582,4.697062911839802e-16,Upregulated
CEP112,-1.643146091386317,4.715835873820574e-16,Downregulated
NTN4,-2.768627221905203,4.785787385191983e-16,Downregulated
HTR3C,-3.754845957213477,4.834441865567984e-16,Downregulated
LGI3,-4.851254069005835,4.840964768549398e-16,Downregulated
BST1,-2.0756809645644214,4.853410225962861e-16,Downregulated
CABYR,3.3174319119244906,4.885572742336938e-16,Upregulated
HIST1H2AI,3.3303529811985184,4.978812562394845e-16,Upregulated
TGFBR3,-2.559778865949216,4.993196402436003e-16,Downregulated
XPC,-1.082155511075804,5.044006407248913e-16,Downregulated
AR,-2.2625294863202745,5.049612198880927e-16,Downregulated
CCL15,-3.1902898114741545,5.092717091029359e-16,Downregulated
C1QTNF6,2.0870589369475665,5.103787874644814e-16,Upregulated
DCAF13,1.3178426668382637,5.195286290169201e-16,Upregulated
SBSPON,-2.7851220779013994,5.234861717083025e-16,Downregulated
DNALI1,-3.0031351468944774,5.310411689927086e-16,Downregulated
RGS5,-1.990191431959179,5.311697299346126e-16,Downregulated
SOGA3,-2.658105464676765,5.34215146011386e-16,Downregulated
SH2B3,-1.524111392040317,5.392278167648837e-16,Downregulated
NR4A1,-3.0988255918437115,5.485328985769391e-16,Downregulated
TXK,-1.918603710606092,5.485328985769391e-16,Downregulated
CRIP2,-2.1215683047344367,5.52575277142824e-16,Downregulated
PHYKPL,-1.0121597017102708,5.598434088571328e-16,Downregulated
FAM136A,1.0980405568543858,5.6072145077204555e-16,Upregulated
SBDS,-1.0392170511724714,5.651351676181549e-16,Downregulated
DCUN1D5,1.1988235788905204,5.680607911654201e-16,Upregulated
P2RX1,-2.529445204684121,5.712397161278232e-16,Downregulated
SH3BP1,1.3127456011269327,5.731356849811146e-16,Upregulated
P2RY13,-2.33425952189418,5.767763440544747e-16,Downregulated
LRRC27,-1.1250985345307054,5.76779623281336e-16,Downregulated
CTSW,-2.566669510264404,5.815006585450522e-16,Downregulated
RAC3,2.1880400304698027,5.86577062886229e-16,Upregulated
PARP3,-1.0450966125144658,5.868772870029562e-16,Downregulated
CAPN3,-2.337849036191844,5.988617493341196e-16,Downregulated
EPB41L4A,-1.5905837769538582,5.989502241488928e-16,Downregulated
NIPSNAP1,1.32117696786956,6.009608520112709e-16,Upregulated
THEMIS2,-1.938234546872346,6.086952523763156e-16,Downregulated
ARHGEF19,1.817849535850045,6.158901584612971e-16,Upregulated
DOK4,-1.478037598403965,6.200002583465114e-16,Downregulated
C10orf11,-1.7505777514662544,6.229977319485064e-16,Downregulated
KRT15,4.71862697903259,6.232971984447144e-16,Upregulated
HLA-DQB1,-2.341172686395659,6.273003166181485e-16,Downregulated
KRT14,6.440538363219007,6.307543009685507e-16,Upregulated
HLA-DRA,-2.445294108633764,6.308768688597446e-16,Downregulated
ADAMTSL2,-1.9272320645352397,6.320203414383614e-16,Downregulated
FSCN1,2.281373131356162,6.332718046674017e-16,Upregulated
SMC6,1.0962709434294409,6.435666470703203e-16,Upregulated
DTL,2.5059148659460737,6.46960008502204e-16,Upregulated
THOC3,1.6611771053015243,6.57054678544482e-16,Upregulated
SLC5A12,3.219372762712861,6.573520420177943e-16,Upregulated
RASIP1,-2.3529371845561995,6.573520420177943e-16,Downregulated
SRRM3,2.833211962454953,6.588207779252e-16,Upregulated
RNF130,-1.068039051598948,6.58868311415797e-16,Downregulated
SFRP5,-3.777048731172945,6.614335429317445e-16,Downregulated
TREM1,-3.23745335214457,6.731047448718796e-16,Downregulated
IFIT5,-1.1609815657490108,6.795945206883979e-16,Downregulated
C10orf25,-1.4390671764552367,6.872141554777744e-16,Downregulated
CERS6,1.2572567975379645,6.881712413656103e-16,Upregulated
GPT2,2.2372463610605067,6.939955762351572e-16,Upregulated
IL1R1,-1.5896081766316374,6.956392222195873e-16,Downregulated
CAB39L,-1.8660846987907176,6.968204030492293e-16,Downregulated
STK10,-1.4086270339576945,7.052837600818473e-16,Downregulated
SPOCK1,2.73094425233704,7.087444539438725e-16,Upregulated
VWA3A,-3.8709383143045226,7.098219565631418e-16,Downregulated
CORO2B,-2.659406498912814,7.106039582221339e-16,Downregulated
ABTB1,-1.1547053911392684,7.106039582221339e-16,Downregulated
SLCO2B1,-2.557060005910012,7.106039582221339e-16,Downregulated
SIK2,-1.255099449370455,7.19264927063163e-16,Downregulated
ARAP3,-1.517452630401423,7.199305858391332e-16,Downregulated
SNX2,-1.063723589495252,7.239394187167711e-16,Downregulated
MAPK6,1.2645119947504906,7.239394187167711e-16,Upregulated
FCER1G,-2.038627521634007,7.297741493632776e-16,Downregulated
CBX2,2.2913707908075747,7.314688744370706e-16,Upregulated
CCDC68,-2.7959798067018005,7.349592197808128e-16,Downregulated
ANK2,-2.4160409671347347,7.396462225504926e-16,Downregulated
SLC25A30,-1.1082367272588467,7.397571761442019e-16,Downregulated
RNF148,-1.8532213327198348,7.473232969829862e-16,Downregulated
C12orf39,-2.4427796515608104,7.473232969829862e-16,Downregulated
KRT27,-2.6955034991196354,7.583775388134464e-16,Downregulated
ARHGAP15,-2.0749027618207547,7.591868767941197e-16,Downregulated
SHROOM3,-2.2584232355044014,7.661827727027763e-16,Downregulated
SYP,-1.8113720311664467,7.737113727114829e-16,Downregulated
TMEM50B,-1.0827444102613004,7.762447788286417e-16,Downregulated
CAMK2N2,2.832395937800892,7.842054825511298e-16,Upregulated
CTD-2207O23.3,-2.4080864475945782,7.842054825511298e-16,Downregulated
H2AFX,1.5233301282245222,7.955192061535717e-16,Upregulated
SRGN,-2.120587969599565,8.010072576769164e-16,Downregulated
EDA2R,-1.957252986439337,8.24135653752575e-16,Downregulated
MPP6,1.654701795088192,8.294367465799409e-16,Upregulated
STRA6,3.6876695921092537,8.338081329439062e-16,Upregulated
CRTAM,-2.446382145222533,8.41404444681572e-16,Downregulated
TRHDE,-3.5611906683201497,8.438082845590043e-16,Downregulated
GPR115,4.073737094578811,8.452487058030716e-16,Upregulated
ADIRF,-3.062348287842445,8.561590618379781e-16,Downregulated
RHOV,4.251262488584818,8.607155217739689e-16,Upregulated
HPGD,-3.209812779359612,8.62697084632403e-16,Downregulated
DDX11,1.7952979386315953,8.748383973323171e-16,Upregulated
MASTL,1.2131433728568617,8.873959679537782e-16,Upregulated
METTL7A,-2.4843110399351733,8.955983971902473e-16,Downregulated
ZNF781,-2.1104540470112187,8.983463167966131e-16,Downregulated
CTHRC1,3.1507952959461933,9.03260057038914e-16,Upregulated
FGD2,-2.272931413366376,9.03260057038914e-16,Downregulated
GRID1,-1.9561150327869357,9.170221481787449e-16,Downregulated
DNMT3B,2.139009849220721,9.342117729159892e-16,Upregulated
USP31,1.5956812786699253,9.345038448027321e-16,Upregulated
SRPK1,1.1527458423449026,9.368305276970813e-16,Upregulated
TMEM189,1.0913713174452404,9.37219593397538e-16,Upregulated
CD101,-2.483335215046532,9.39129539532616e-16,Downregulated
RORC,-3.495420111609108,9.39129539532616e-16,Downregulated
C19orf40,1.5384141112414342,9.493504940102585e-16,Upregulated
MRPL12,1.186079783587607,9.498562033881407e-16,Upregulated
C7,-4.486682866062327,9.509231771266817e-16,Downregulated
C4BPB,-3.0644853734843007,9.693911848700905e-16,Downregulated
MYD88,-1.0476455750032052,9.76067742089801e-16,Downregulated
KAT2A,1.214898400251755,9.771579586635417e-16,Upregulated
ACOT2,-1.357060282866465,9.872172324940944e-16,Downregulated
MYO1C,-1.2792160758111706,9.917386496629934e-16,Downregulated
PIP5K1B,-3.0969396468126584,9.948921774850297e-16,Downregulated
RFWD3,1.1819624854980244,9.978573242292477e-16,Upregulated
CD244,-2.239927888871638,1.0022368274310856e-15,Downregulated
PLA1A,-3.110811148809957,1.0110237954534955e-15,Downregulated
SCN2B,-2.50554532512825,1.0166766156439614e-15,Downregulated
PLEKHB1,-2.6445217648488377,1.024750280535388e-15,Downregulated
C4BPA,-5.971537198262932,1.0269619209187838e-15,Downregulated
ZIC5,3.547654778694521,1.032965361048786e-15,Upregulated
SLIT2,-2.465505472127965,1.0392052168466564e-15,Downregulated
TMEM158,2.7604323519761245,1.0539107763623983e-15,Upregulated
ITGAL,-2.5284389693210514,1.0539107763623983e-15,Downregulated
FAM111B,3.0371201896657123,1.0617495823018865e-15,Upregulated
CARD9,-1.7033659662998604,1.0762358088333724e-15,Downregulated
BIK,2.3113705466501253,1.0853344903517152e-15,Upregulated
TBX21,-2.38607565397617,1.0938223660052637e-15,Downregulated
FERMT3,-1.822548837017802,1.1001039605414713e-15,Downregulated
SMC4,1.3556851211426064,1.106683745803603e-15,Upregulated
ARHGDIB,-1.6639215613541245,1.1076855873256656e-15,Downregulated
HN1L,1.1337251110062958,1.1076855873256656e-15,Upregulated
LEPREL4,1.998422914942064,1.1250121338228922e-15,Upregulated
POLE,1.2100008408218503,1.1298645237098805e-15,Upregulated
LHX2,4.30187597815989,1.1314512064487993e-15,Upregulated
SMAD7,-1.709804658711974,1.1314512064487993e-15,Downregulated
ACSM5,-2.462315569722464,1.1411409894581857e-15,Downregulated
PRUNE2,-1.9929294941038496,1.163387991847679e-15,Downregulated
GPER1,-2.8768736392710297,1.1712721715084817e-15,Downregulated
C1orf87,-4.158459005954692,1.192943611790272e-15,Downregulated
AL163636.6,-3.132542869233693,1.219410941487412e-15,Downregulated
PDIA6,1.0296079194673489,1.2316140209697814e-15,Upregulated
ATP11B,1.4456836533927628,1.2375535751039337e-15,Upregulated
HSD11B1,-1.9582363242038925,1.238550630620562e-15,Downregulated
C14orf132,-2.3385926992143773,1.2439510211749973e-15,Downregulated
GIMAP2,-1.9454867805626312,1.2439510211749973e-15,Downregulated
TLR2,-1.542735427891965,1.2460278338033996e-15,Downregulated
GYLTL1B,2.5596163829735614,1.2479038190264217e-15,Upregulated
PDIA4,1.3333342712334917,1.2491260560409562e-15,Upregulated
N4BP2L2,-1.0264713565825918,1.249673779775656e-15,Downregulated
CAMK1,-1.1498024516544376,1.260387250412559e-15,Downregulated
CCT6A,1.2339216629299037,1.2712102322952793e-15,Upregulated
PP2D1,-1.5433397215691067,1.2741436832790644e-15,Downregulated
PKHD1L1,-3.048299970219716,1.2741436832790644e-15,Downregulated
DNASE1L3,-3.5670116201194637,1.2766214838506746e-15,Downregulated
SERPINB6,-1.555099029492096,1.2782777655575629e-15,Downregulated
LATS2,-1.5594197876448508,1.289618774112589e-15,Downregulated
SERPINA1,-3.3372545250522627,1.3012570960906685e-15,Downregulated
DDR1,1.304705421564014,1.3227674771756674e-15,Upregulated
SLCO2A1,-3.020394846713974,1.3251959038896645e-15,Downregulated
MMP19,-2.303723276447416,1.3305181684412628e-15,Downregulated
ITPR1,-1.7464828103774046,1.339986545449882e-15,Downregulated
GPRC5A,-3.3017672903154,1.3685134183845768e-15,Downregulated
COL10A1,3.964659596600182,1.388136008342942e-15,Upregulated
GRAP,-1.8723685974367024,1.4001717185340277e-15,Downregulated
NTRK3,-2.6033067902117004,1.4134063785726776e-15,Downregulated
SLC15A1,2.89181845729092,1.4205729878747797e-15,Upregulated
LY6G5C,-1.2788257645376495,1.4224205574844473e-15,Downregulated
TAOK3,-1.0852887091784318,1.4224205574844473e-15,Downregulated
PRF1,-2.4084239329397423,1.4301085037486774e-15,Downregulated
LPHN2,-1.774904100053602,1.4501239670806745e-15,Downregulated
BAI3,-2.426038616114733,1.4712905738149246e-15,Downregulated
SNTB1,-2.072546497093118,1.489577636131366e-15,Downregulated
MACROD2,-2.829998379728376,1.5213372011028077e-15,Downregulated
TIMM8A,1.2737207812825249,1.5328959694182909e-15,Upregulated
CCDC86,1.155491307240986,1.5357601462596157e-15,Upregulated
SLC22A31,-4.4574587705376985,1.5418959671773914e-15,Downregulated
POLA2,1.0270579182550588,1.5438091269506748e-15,Upregulated
ANXA5,-1.1209804675068913,1.5463436206191104e-15,Downregulated
SLAIN1,-2.439401473183122,1.5496873352065932e-15,Downregulated
TIMP3,-2.5203924168039133,1.5508876819541269e-15,Downregulated
CASP10,-1.3133413215520902,1.551896694197008e-15,Downregulated
ALDH18A1,1.11902102169687,1.5530892363488722e-15,Upregulated
PADI4,-3.0128307541090438,1.5699790338178528e-15,Downregulated
C19orf38,-1.9650990139109223,1.5699790338178528e-15,Downregulated
BTBD11,2.9466223761968355,1.593082941386723e-15,Upregulated
ITPKA,2.502122115858413,1.5948627174712304e-15,Upregulated
EFEMP1,-2.4768639882438155,1.6184943220905934e-15,Downregulated
HNMT,-1.6827474096861843,1.6268922968444253e-15,Downregulated
DDX39A,1.171959951447359,1.6374217994305185e-15,Upregulated
AGTR2,-4.96838783175166,1.6522555858077194e-15,Downregulated
GATA2,-2.624485461547214,1.6653004374814302e-15,Downregulated
MSRB3,-2.1270649686018777,1.6653711716198258e-15,Downregulated
YEATS2,1.2856836391149449,1.7014713905896356e-15,Upregulated
PF4,-3.9541435939825393,1.7260752851841565e-15,Downregulated
PCDHGA11,-1.5212101016709436,1.7413979992368017e-15,Downregulated
TNFAIP8L2,-2.153740981689854,1.750320284931929e-15,Downregulated
NKPD1,2.31494387935032,1.7521951952415976e-15,Upregulated
ACSL5,-2.5429424962744305,1.7565129022179941e-15,Downregulated
DEFA1,-5.117438437756452,1.80805899095534e-15,Downregulated
VSNL1,2.774309447560851,1.80805899095534e-15,Upregulated
ZFP64,1.4862679661742293,1.808508184691888e-15,Upregulated
IL20RB,3.722317461206485,1.8149343278152013e-15,Upregulated
PPP1R16B,-2.413103297655044,1.8149343278152013e-15,Downregulated
JMJD1C,-1.0260789249744755,1.839918516772609e-15,Downregulated
CKMT2,-1.8495440855396292,1.8710121800992525e-15,Downregulated
NLN,1.313134631191172,1.872421511272397e-15,Upregulated
CD53,-2.0317639756553607,1.8840579592867613e-15,Downregulated
NCKAP1L,-2.25293666347301,1.8895554325219847e-15,Downregulated
KCNAB2,-1.707454214376826,1.899749251674912e-15,Downregulated
PDE5A,-1.8951153349582237,1.909359874951708e-15,Downregulated
F2RL3,-2.340971403545544,1.9196539730706628e-15,Downregulated
CLEC1A,-2.719046335277615,1.9382894172504623e-15,Downregulated
MTHFR,-1.3496078604463486,1.94431594903424e-15,Downregulated
C1QA,-2.442745638261762,1.9776969208020845e-15,Downregulated
RSPO4,-3.419969476671775,1.979225402338236e-15,Downregulated
SLC40A1,-1.945685176427604,2.0654985106115108e-15,Downregulated
E2F1,1.5511746379893117,2.073440911504535e-15,Upregulated
KIF9,-1.1727485990965327,2.086679976876121e-15,Downregulated
SH3D19,-1.3915696271989546,2.101454342541315e-15,Downregulated
AGR3,-4.669756781894854,2.130517886115193e-15,Downregulated
CHI3L2,-3.6382261122533777,2.169254533400741e-15,Downregulated
TMEM177,1.4733527324451572,2.19275549052593e-15,Upregulated
KIAA1683,-2.7917844159545533,2.213297222571335e-15,Downregulated
COLEC10,-2.822125689176534,2.222904414335855e-15,Downregulated
SASH3,-2.115493786727016,2.2326455491363122e-15,Downregulated
AIF1,-1.9201938481197496,2.248398459117124e-15,Downregulated
XPR1,1.1760783042200664,2.278087028874014e-15,Upregulated
ZBED3,-1.3615862898874471,2.342815159872149e-15,Downregulated
UMPS,1.1223544627438322,2.3429176644623178e-15,Upregulated
C22orf34,-2.0546899685086,2.3499892747840607e-15,Downregulated
NOP56,1.35568647250523,2.357809606777729e-15,Upregulated
HLA-DOA,-2.4484411559092765,2.365402666921247e-15,Downregulated
COL6A5,-2.9605983378797465,2.3715046441359515e-15,Downregulated
EOGT,-1.1256890079641764,2.4105928965165964e-15,Downregulated
MAGED4B,2.3886311659441466,2.448940316872695e-15,Upregulated
SLC5A6,1.523136843481657,2.4491494077137577e-15,Upregulated
COBL,-3.354086149716108,2.480343596939868e-15,Downregulated
FOSB,-4.4829682214043975,2.4876685772310626e-15,Downregulated
CENPM,2.440399622031696,2.5072082717375946e-15,Upregulated
OVOL1,3.1210837438348467,2.531037365220313e-15,Upregulated
DLX1,3.456241539421314,2.557628925524743e-15,Upregulated
ALPP,-3.9487227379647054,2.5768600798401024e-15,Downregulated
FAM83H,1.5741184160807808,2.579634048782976e-15,Upregulated
PHF17,-1.4941163133211788,2.5816252485731744e-15,Downregulated
NRP1,-1.5656840959682867,2.582529153369972e-15,Downregulated
TET3,1.1670558126710722,2.582529153369972e-15,Upregulated
C10orf10,-2.467253873165532,2.597696499460696e-15,Downregulated
SLA,-2.209803342504517,2.6239526038474493e-15,Downregulated
NES,-2.149610989273336,2.6239526038474493e-15,Downregulated
SLC44A5,2.9855472787467208,2.630604431604573e-15,Upregulated
LY6K,3.7730889583407703,2.639921159605895e-15,Upregulated
KCNIP1,-2.5697168384132354,2.6470793416176048e-15,Downregulated
SLC31A2,-1.6378428172835395,2.660909513348085e-15,Downregulated
CPEB4,-1.4715723640236034,2.679452390162016e-15,Downregulated
CD74,-2.259999950890533,2.7129418633641505e-15,Downregulated
HSPB8,-2.4062804726198035,2.715134472708061e-15,Downregulated
HMGA2,4.617568555359892,2.7314969320975974e-15,Upregulated
DYSF,-1.7937277031818546,2.8452487200165938e-15,Downregulated
ITGA1,-1.8268563452041384,2.850577303224957e-15,Downregulated
FBXO43,2.2972426914083397,2.8548762120999097e-15,Upregulated
MICALCL,-2.3331543981561635,2.877887353049264e-15,Downregulated
RADIL,-2.3531431189959404,2.8809947718132136e-15,Downregulated
MYO1G,-1.9770611859991964,2.9179050843225186e-15,Downregulated
PLCE1,-2.090004695415708,2.940486460836621e-15,Downregulated
CLCN2,1.6855018280791176,2.949284326834433e-15,Upregulated
POLR3G,1.2717866614366038,2.9504128719894773e-15,Upregulated
LAPTM5,-2.002157002782152,2.955674563737371e-15,Downregulated
RBP4,-4.2892494769300935,2.979363905188344e-15,Downregulated
DKK2,-2.8371756514186397,3.0248815387302847e-15,Downregulated
PAQR4,1.4994129336952329,3.0390161574632278e-15,Upregulated
FBL,1.2603925829784526,3.0556802907394774e-15,Upregulated
IL33,-3.150409821936975,3.0790317057945604e-15,Downregulated
EPB41L4A-AS2,-1.576801575034129,3.085603467900808e-15,Downregulated
SALL4,2.8291545521929766,3.1229357838039963e-15,Upregulated
PTPRG,-1.3619593721420389,3.1231421000612185e-15,Downregulated
SH2D5,3.1967553604202648,3.1242313243154613e-15,Upregulated
GSAP,-1.7123484957233517,3.145254147905848e-15,Downregulated
GGTLC3,-3.1277473385429486,3.145254147905848e-15,Downregulated
PYCRL,1.1266603968183002,3.145254147905848e-15,Upregulated
C5,-2.1609749479496605,3.145406830271522e-15,Downregulated
HPRT1,1.34706016108062,3.1550047915208944e-15,Upregulated
RRAS,-1.760588002478471,3.156196210679636e-15,Downregulated
GRAPL,-2.3024819092082587,3.1568067050296666e-15,Downregulated
FAM107B,-1.7539194906471796,3.213129071540023e-15,Downregulated
C5orf56,-1.8556885877745763,3.226961486983641e-15,Downregulated
FAM167A,-3.0072539104744926,3.229277610196708e-15,Downregulated
GJC2,-2.091690612329748,3.2342319506283748e-15,Downregulated
ZYG11A,2.9674206663151272,3.2977562592393725e-15,Upregulated
LAD1,2.24039414030322,3.3086272590952672e-15,Upregulated
GFRA2,-2.341296345320358,3.3086272590952672e-15,Downregulated
HSF2BP,1.909899982433933,3.313348011893804e-15,Upregulated
FGD4,-1.5496332511627058,3.327369392708545e-15,Downregulated
SMIM10,-1.8668902237589415,3.3557577709741946e-15,Downregulated
C3orf67,2.5243178731722704,3.3591501873373536e-15,Upregulated
CAMK2N1,-2.3435217621223057,3.3604851147585376e-15,Downregulated
C16orf54,-2.5247128762258244,3.3635559883723087e-15,Downregulated
GATA5,-2.6933457450905376,3.3971308381499467e-15,Downregulated
RTKN,1.055294230951603,3.3971308381499467e-15,Upregulated
NR4A3,-3.1265632545016384,3.455747281738283e-15,Downregulated
TBC1D31,1.232556838476432,3.476651914716013e-15,Upregulated
EXOSC4,1.0054902855063332,3.481909853432076e-15,Upregulated
RAB20,-1.5272538692553486,3.483491282677848e-15,Downregulated
VSTM4,-1.8911485674448996,3.4980647540000788e-15,Downregulated
RCOR2,3.0116331047697877,3.53283810928232e-15,Upregulated
SLC15A3,-1.9915680307833217,3.574360452391705e-15,Downregulated
BZW2,1.1535306984929683,3.611432466297474e-15,Upregulated
GPRIN3,-2.164307796169465,3.641413981765949e-15,Downregulated
C2orf62,-3.300904688996336,3.6654146486181055e-15,Downregulated
HSD17B13,-3.313137300344753,3.674300367738556e-15,Downregulated
PIK3R5,-2.0631536850668937,3.674300367738556e-15,Downregulated
RTN1,-2.389408892188724,3.6851517278881145e-15,Downregulated
KCNG1,3.5933794808277115,3.73980277608976e-15,Upregulated
PRKG1,-1.7576959341033245,3.761970557585816e-15,Downregulated
CYP2U1,-1.5035427061380569,3.763618627744114e-15,Downregulated
PTRF,-1.7174505806717235,3.763618627744114e-15,Downregulated
TBC1D10C,-2.2352918961695067,3.790133297321132e-15,Downregulated
NCF2,-2.0452928184604997,3.791142319624585e-15,Downregulated
ANKDD1B,-2.244497954390873,3.799228281414102e-15,Downregulated
PTPRC,-2.1907870506632445,3.840256553912984e-15,Downregulated
AQP9,-2.444331496641734,3.846146043447385e-15,Downregulated
TSPYL2,-1.15451139060508,3.855189227457441e-15,Downregulated
HCST,-2.1068596488862976,3.866065430309143e-15,Downregulated
STOM,-1.5947062465588164,3.8981665325842506e-15,Downregulated
LILRB3,-1.9633459905103647,3.915288265280925e-15,Downregulated
COL13A1,-2.1206038798513704,3.95677144018593e-15,Downregulated
GPRIN2,-3.059054770572589,3.980858886688238e-15,Downregulated
PCDHGB7,-2.235084459811909,4.023248875152751e-15,Downregulated
PCDHGA12,-2.0765004663298168,4.0829735076508435e-15,Downregulated
PER1,-1.9268629471594831,4.107617555436317e-15,Downregulated
PIFO,-3.6117439881979214,4.107617555436317e-15,Downregulated
PHGDH,1.9272551622320595,4.1327059024155576e-15,Upregulated
BTBD9,-1.5094384213226597,4.1856959137520095e-15,Downregulated
GRHL2,1.51391744062985,4.2142526176247545e-15,Upregulated
TTF2,1.3645067371878916,4.2142526176247545e-15,Upregulated
CRABP2,3.5894037032285206,4.224948179207114e-15,Upregulated
FHOD1,-1.4335284773473287,4.224948179207114e-15,Downregulated
PTPN6,-1.0798037331218016,4.224948179207114e-15,Downregulated
SMAD9,-2.2447217070588845,4.239511546359107e-15,Downregulated
IGSF10,-3.073605821835053,4.239511546359107e-15,Downregulated
TCP11L2,-1.2056799959120257,4.273057571285412e-15,Downregulated
FIGNL1,1.6700058188150146,4.3044119030506455e-15,Upregulated
CFI,-2.0170537025317863,4.318736868136857e-15,Downregulated
TSPAN3,-1.007255333483199,4.3721268612287906e-15,Downregulated
VIM,-1.9425489825765272,4.458160157935546e-15,Downregulated
PLCB2,-1.7917654005591812,4.512046734574088e-15,Downregulated
TOM1L2,-1.260001503284185,4.517905826146631e-15,Downregulated
HAP1,3.605530215821934,4.5448883296557426e-15,Upregulated
DONSON,1.4748924081933232,4.5617996651409735e-15,Upregulated
MYADM,-2.457059294503882,4.616769742287687e-15,Downregulated
TMSB4X,-1.3488235159180242,4.642519164142078e-15,Downregulated
BARX1,4.803386801515624,4.649903301484936e-15,Upregulated
PITX2,4.385179811256313,4.654493896256207e-15,Upregulated
C7orf41,-1.5803824164556586,4.671676675089603e-15,Downregulated
LPIN2,-1.6243117603135175,4.675484210461767e-15,Downregulated
DOK1,-1.314508812943834,4.7078766881995016e-15,Downregulated
PRMT3,1.146469550965767,4.7078766881995016e-15,Upregulated
ZNF367,1.9011780883054463,4.74049869592569e-15,Upregulated
CKMT1B,3.508490778194064,4.758066078794072e-15,Upregulated
VNN2,-2.320391829372753,4.774332292034468e-15,Downregulated
NCF4,-1.9215643457602305,4.787325525435117e-15,Downregulated
IRF8,-2.2584143191413477,4.836181661379608e-15,Downregulated
CD68,-2.1672550491137184,4.857592906381362e-15,Downregulated
NR3C1,-1.1092127381544472,4.884275448165441e-15,Downregulated
CYP3A7,-2.8703284436789507,4.899061521102744e-15,Downregulated
PHLDB3,1.3876546362505708,4.931787051134074e-15,Upregulated
MCM3,1.1441178355964876,4.9536095798380994e-15,Upregulated
SIGLEC9,-1.959823559396484,4.965426957116198e-15,Downregulated
TLR3,-1.9741137656115049,4.984626647351251e-15,Downregulated
ZNF438,-1.1137082678954968,4.984626647351251e-15,Downregulated
IL6R,-1.9060806559558348,5.0116654911607896e-15,Downregulated
EGLN3,2.6105811679076423,5.017704260122802e-15,Upregulated
LYZ,-2.7998033143186287,5.029094841121511e-15,Downregulated
UBA7,-1.6468637245984823,5.049231007855648e-15,Downregulated
KIAA1324L,-2.001369958096462,5.076865617351049e-15,Downregulated
CSTF2,1.1341153110883315,5.109964021711341e-15,Upregulated
ERICH2,-2.894906499681269,5.115918638496151e-15,Downregulated
ZNF487,-1.0915683336905602,5.141081622879648e-15,Downregulated
MEFV,-2.188788291574216,5.191081733168481e-15,Downregulated
C11orf54,-1.1333327248694829,5.239037790082405e-15,Downregulated
ARMC9,-1.5394068242982284,5.285428035350472e-15,Downregulated
SULT1C4,-2.748209797474983,5.2889494545880625e-15,Downregulated
ALDH1A2,-2.7496230074143435,5.318158882453519e-15,Downregulated
LMCD1,-1.891172341440873,5.327416012354217e-15,Downregulated
SLC12A4,-1.248431633300413,5.3451935503714065e-15,Downregulated
OR52N4,-1.9132842878899528,5.42038152279238e-15,Downregulated
NCMAP,-3.0793916289261563,5.616469153751057e-15,Downregulated
ACBD4,-1.337853436178004,5.7843773898614555e-15,Downregulated
UNC13D,-2.1568567762086364,5.845463613241536e-15,Downregulated
RERGL,-3.2867261742366827,5.892349844064122e-15,Downregulated
MASP1,-3.0751047606858237,5.9249114902922706e-15,Downregulated
MS4A4A,-2.178039975601173,5.984178620698382e-15,Downregulated
ADAM12,2.862967464839241,6.0446483772711775e-15,Upregulated
KCTD14,-1.899807841063992,6.0978491621836384e-15,Downregulated
KIAA1549L,3.1660935288492915,6.273503150151475e-15,Upregulated
TTN,-1.7885277590947175,6.307752692980173e-15,Downregulated
TNNI2,-2.2035366180669085,6.3205337899380755e-15,Downregulated
SIRPB2,-2.0990002573622624,6.3214914279015604e-15,Downregulated
VTN,-2.83785739717272,6.333483264285889e-15,Downregulated
MT-ND6,-2.227843116095288,6.358216578216177e-15,Downregulated
DOCK2,-2.0394211351295874,6.4208390797223776e-15,Downregulated
PFKFB2,-1.2976486213027307,6.537036915615954e-15,Downregulated
KLF15,-2.78762832413251,6.576792832615535e-15,Downregulated
NCS1,1.607445922549335,6.58315908285925e-15,Upregulated
MXD4,-1.1286282187124907,6.62270800247272e-15,Downregulated
BCL11A,2.417850812949781,6.756049018379788e-15,Upregulated
ICAM1,-2.6539236148725536,6.8084617163565085e-15,Downregulated
ITGAM,-2.108239579812076,6.8280183657105234e-15,Downregulated
CEP85,1.15450754479067,6.854670800538652e-15,Upregulated
NME1-NME2,1.0899999263735791,6.862334247577533e-15,Upregulated
FBXL19,1.185490772998178,6.881115760341166e-15,Upregulated
GRIK4,-2.734982003816214,6.8863095565271895e-15,Downregulated
C18orf56,2.501944438700329,6.905415998054551e-15,Upregulated
CCR1,-2.0178433915847283,6.931686907949549e-15,Downregulated
CLEC9A,-2.143409418694391,6.9984076218934576e-15,Downregulated
C1QB,-2.461960939562605,7.025380682040616e-15,Downregulated
TMEM178A,-2.85600007032628,7.175668256389918e-15,Downregulated
OLFML1,-2.061960586982676,7.379372531486143e-15,Downregulated
KIR3DL2,-1.9889684520601565,7.379372531486143e-15,Downregulated
NRIP3,1.5900107842940177,7.406427605294765e-15,Upregulated
SLC44A4,-3.306453600022841,7.409559222073678e-15,Downregulated
KCNE1,-2.7488093752293263,7.488234783263225e-15,Downregulated
ACSL4,-1.561373186142374,7.520521807136695e-15,Downregulated
ABCC5,2.2350950498015294,7.522237995297223e-15,Upregulated
TBL1XR1,1.2288240089402471,7.54874272561497e-15,Upregulated
SMC2,1.4841243227934724,7.795391705321038e-15,Upregulated
UBASH3B,-2.100582278509446,7.827315079593611e-15,Downregulated
SH3BGRL2,-1.861583689760634,7.827315079593611e-15,Downregulated
PCDH17,-2.016252649028937,7.925004369542452e-15,Downregulated
FMNL1,-1.4594119033369086,7.955954977960978e-15,Downregulated
GJB1,-3.725184537786732,7.962208156819594e-15,Downregulated
TCF24,2.328177449838898,7.962208156819594e-15,Upregulated
MRPL36,1.3031360415003608,8.003779870745439e-15,Upregulated
MAPK4,-3.068809541592183,8.004739354529276e-15,Downregulated
CCDC173,-3.0349309337908656,8.035590339555236e-15,Downregulated
CYP17A1,-2.7330793640007824,8.085449900150753e-15,Downregulated
PFKP,1.6103905850305154,8.091035118272729e-15,Upregulated
OSCP1,-1.560588194804648,8.15443523273156e-15,Downregulated
BRI3BP,1.4509957275528862,8.324606451490237e-15,Upregulated
CAPN2,-1.041176513660881,8.401289858958382e-15,Downregulated
REPS2,-1.4394172414329711,8.511134591542353e-15,Downregulated
FAM149A,-1.9204066013607983,8.530069894688351e-15,Downregulated
SLC25A25,-1.4886287354437489,8.555392881371182e-15,Downregulated
BEND6,1.742331628783055,8.640582574940749e-15,Upregulated
REM1,-2.297323087393867,8.81989762251565e-15,Downregulated
DLEU1,1.163732790657198,8.863459035948592e-15,Upregulated
LGALS3,-1.241764761435583,9.26445166929726e-15,Downregulated
TMEM2,-1.4701946006162228,9.562870771970131e-15,Downregulated
CPA3,-3.028200815639708,9.763109911367155e-15,Downregulated
C10orf91,2.203039268841857,9.811616411077614e-15,Upregulated
POU6F2,3.374676573964699,9.81616069589652e-15,Upregulated
GPR20,-1.9359772003830715,9.847367501792624e-15,Downregulated
FST,2.4572359384846125,9.914488378727135e-15,Upregulated
SPATA13,-1.788821167609569,9.9521329122376e-15,Downregulated
MAL,-2.610822578298974,9.957396980372937e-15,Downregulated
CLEC4M,-3.941233521268896,9.979133697169635e-15,Downregulated
NLRP3,-1.9995638137212444,1.0144330278423603e-14,Downregulated
ST14,1.1176478969831702,1.014650074035535e-14,Upregulated
MPP1,-1.3945068293207896,1.0158252945721575e-14,Downregulated
YBX2,2.717699890455492,1.0208928447295304e-14,Upregulated
LAIR1,-2.1592127454845684,1.0244054499388102e-14,Downregulated
HLA-C,-1.3570587239905247,1.0388616010648476e-14,Downregulated
ACSM1,-1.895988405320484,1.0444073907380237e-14,Downregulated
SCRIB,1.0341174572414484,1.0514216777772956e-14,Upregulated
GPRASP1,-1.6800260647796668,1.0514216777772956e-14,Downregulated
CD37,-2.4099982140805967,1.0604928770873792e-14,Downregulated
HLA-DMB,-2.110395787548434,1.0618450830384716e-14,Downregulated
RHNO1,1.2464676576812472,1.089076745222381e-14,Upregulated
MT-ND5,-1.856078394679784,1.1052149736069024e-14,Downregulated
SPDL1,1.288632483212659,1.1112556989901963e-14,Upregulated
LPXN,-1.86098060643392,1.11313219341475e-14,Downregulated
CNR1,-2.92097136009834,1.1262982234693183e-14,Downregulated
CDH19,-2.5657448761374764,1.1378458295228268e-14,Downregulated
PRTG,-2.378876094544967,1.1443314570534815e-14,Downregulated
SLC46A3,-1.5911757030126914,1.1570982203479776e-14,Downregulated
HOXA1,2.13769809356386,1.1644517976448703e-14,Upregulated
TIGD5,1.1306127620852466,1.2053022747960436e-14,Upregulated
RP11-345J4.5,1.1460793752816816,1.2264707995680315e-14,Upregulated
DUS4L,1.0256929694883707,1.2269573002677975e-14,Upregulated
TMPRSS11F,3.5247893953178675,1.2350077539263741e-14,Upregulated
TFB2M,1.012155408607505,1.2379484734183591e-14,Upregulated
TMEM194A,1.2562726722673112,1.2388303658707992e-14,Upregulated
GPC2,2.348864696807901,1.2420936921096756e-14,Upregulated
RIPK3,-1.3088325054582866,1.245767785083912e-14,Downregulated
PDE4D,-1.5203955392897726,1.2499339807195282e-14,Downregulated
FRMD6,1.9890208743637825,1.2512514774718696e-14,Upregulated
DPYD,-1.7954896180118292,1.2852911510938172e-14,Downregulated
HIST1H2BH,4.055901473567621,1.2944590397561408e-14,Upregulated
GALNT16,-2.78649258601852,1.3045097042036821e-14,Downregulated
GREM1,4.034713143421339,1.3135071986855788e-14,Upregulated
ZFP69B,1.4991942134516938,1.3267700275569564e-14,Upregulated
WDR12,1.5780375761857126,1.3322879999584304e-14,Upregulated
CD151,-1.152353023725757,1.3333690007103068e-14,Downregulated
ALPK3,-2.1892458306853837,1.3343854865000032e-14,Downregulated
PRB3,3.3571838766909545,1.3378907981132934e-14,Upregulated
FGF2,-2.138103343914948,1.3522921102970643e-14,Downregulated
TPSAB1,-2.8198027092375533,1.3549315101497692e-14,Downregulated
SULT1A4,-1.5709846961735456,1.3550244104060106e-14,Downregulated
IFI30,-1.880000279364662,1.3673203940143132e-14,Downregulated
VWA5A,-1.3062703850086983,1.373674543248986e-14,Downregulated
ABCB6,1.69215019641001,1.3772584883660656e-14,Upregulated
FAM150B,-3.080168751775891,1.3779473133763128e-14,Downregulated
SLC16A1,2.3111734589393675,1.3858776937954655e-14,Upregulated
CXCL12,-2.1964686345793183,1.3904470913528563e-14,Downregulated
WAS,-1.8631329012293625,1.3904470913528563e-14,Downregulated
ECM2,-2.058830836963925,1.3904470913528563e-14,Downregulated
NHSL2,-1.7320735555105211,1.4003620056426943e-14,Downregulated
CRYL1,-1.2011818435277934,1.4077386408229964e-14,Downregulated
ZRANB3,1.1598162387701505,1.417303197212198e-14,Upregulated
MT1M,-3.170201408554254,1.4259396958324884e-14,Downregulated
TLE2,-2.02647056153546,1.4278458481946214e-14,Downregulated
CACNG4,-3.648043616763768,1.433992061297579e-14,Downregulated
MFSD4,-1.701211105231681,1.43719062524483e-14,Downregulated
C8orf4,-2.7315695946203835,1.4404926879800112e-14,Downregulated
MPEG1,-1.995702323837624,1.4515195849776547e-14,Downregulated
ADHFE1,-1.996075909402084,1.4627969615310774e-14,Downregulated
TMEM117,2.0307935690910064,1.471843781775443e-14,Upregulated
PARVG,-2.0643128501931063,1.5205020492653256e-14,Downregulated
LSG1,1.192746542110967,1.5293762572356144e-14,Upregulated
C9orf152,-3.479983476201008,1.5339865211001542e-14,Downregulated
KRT75,4.098313343091913,1.5512076235268248e-14,Upregulated
GPR19,2.617110491450328,1.5614739748856015e-14,Upregulated
CD300E,-2.273485539859042,1.5740084775718964e-14,Downregulated
PRMT8,-2.610419280763036,1.5766694340932964e-14,Downregulated
LIG1,1.2423537439038943,1.5780014083937988e-14,Upregulated
RCAN2,-2.0927363845667024,1.5893274700051427e-14,Downregulated
NRN1L,-2.009541915202503,1.5893274700051427e-14,Downregulated
JAM3,-1.689215123520003,1.5963395631663722e-14,Downregulated
PALD1,-1.970405433772675,1.5963395631663722e-14,Downregulated
PRPS2,1.068038735784878,1.5963395631663722e-14,Upregulated
MRPS12,1.2729422862017543,1.6112118751795794e-14,Upregulated
CFLAR,-1.0866668906091237,1.6261282509233905e-14,Downregulated
CAMP,-3.906437175063044,1.6531806930439242e-14,Downregulated
KDM5B,1.148433180079218,1.6531806930439242e-14,Upregulated
ACACB,-2.0384418418593464,1.6621592405834873e-14,Downregulated
GPR162,-1.922573176388708,1.6838389708196972e-14,Downregulated
TRIM71,-2.473980825313277,1.6878401571882183e-14,Downregulated
GAST,4.17915444793388,1.719426508027916e-14,Upregulated
CCPG1,-1.1060803630693172,1.7203025519612183e-14,Downregulated
RASSF8,-1.6137272970357603,1.7250545419361315e-14,Downregulated
WDR4,1.1015694683360815,1.725769678539307e-14,Upregulated
CAPN8,-4.26882543161058,1.741796921709801e-14,Downregulated
CXCR2,-2.773171484259072,1.750742535576567e-14,Downregulated
ZNF608,-1.8223565693631745,1.7576857293396338e-14,Downregulated
RXFP1,-3.023077013029244,1.7644570654496277e-14,Downregulated
RUNX1T1,-2.227073976997514,1.7758625227483762e-14,Downregulated
DPP6,-2.865531058786773,1.8014795307551382e-14,Downregulated
SLC14A1,-3.502765195542945,1.8068986424949668e-14,Downregulated
CMTM8,-1.2984228496707972,1.8087926383976647e-14,Downregulated
NFAM1,-2.0486400129501314,1.8108852581880262e-14,Downregulated
SMCO2,2.635660327182068,1.8187629769534836e-14,Upregulated
NPDC1,-1.617055471789115,1.8187629769534836e-14,Downregulated
FRMD4B,-1.2907798404213615,1.826487035465793e-14,Downregulated
FOS,-2.7343137591208238,1.826931251379766e-14,Downregulated
ICAM4,-3.26193531106834,1.849256472620346e-14,Downregulated
DIP2B,1.0300015577859334,1.8586030890595e-14,Upregulated
RASSF2,-2.241778226721462,1.8829357591488405e-14,Downregulated
PPIF,1.408236566141337,1.8950439526422357e-14,Upregulated
SCNN1B,-2.7684229283152426,1.9061123424069944e-14,Downregulated
RAB3B,3.147132014298151,1.9138914396658642e-14,Upregulated
GOLT1A,-3.0698533637819496,1.9289378369722935e-14,Downregulated
MTMR10,-1.0676447198084738,1.943040781665896e-14,Downregulated
MSN,-1.190392072376671,1.950724740732658e-14,Downregulated
PTPRE,-1.5764666344245333,1.96489293111312e-14,Downregulated
PLA2G5,-2.1217417529791485,1.9727343467664065e-14,Downregulated
SYNM,-1.6807767280995298,1.9900075162556375e-14,Downregulated
MICALL1,1.2047093545651375,1.997262404077932e-14,Upregulated
PLK3,-1.472938131621449,1.997262404077932e-14,Downregulated
DHRS12,-1.1688254002700915,1.998949271841564e-14,Downregulated
CYR61,-2.2760793046674124,2.0106075265296408e-14,Downregulated
CRELD1,-1.14411761330145,2.0283744884712968e-14,Downregulated
TBXAS1,-1.855108590729781,2.0412751232086455e-14,Downregulated
ADAM33,-2.1221152951482445,2.0528881002863462e-14,Downregulated
GAS6,-1.874314787142925,2.0571040669231667e-14,Downregulated
SMTNL2,-2.962329598028145,2.0715326954696467e-14,Downregulated
SNED1,-1.6333311727774635,2.137892876893111e-14,Downregulated
KRT6C,5.890201407443873,2.183740170884968e-14,Upregulated
PRELP,-2.7143225753996507,2.190696330711329e-14,Downregulated
RAN,1.002745138596591,2.1958066053887385e-14,Upregulated
BTG2,-1.639609502827831,2.1978697641628142e-14,Downregulated
MSI2,1.3188199810466692,2.20546007474103e-14,Upregulated
LRRC25,-1.8535419452773096,2.2207628655420563e-14,Downregulated
CXCR1,-3.237288711261942,2.2370874820949287e-14,Downregulated
PGPEP1,-1.1168571479391316,2.266410951282648e-14,Downregulated
ZC3HAV1L,1.6980293171958944,2.2670956095209905e-14,Upregulated
AMBP,-2.203918009317359,2.2885438727197294e-14,Downregulated
SAMSN1,-1.7386267603448733,2.2965930870480588e-14,Downregulated
TMPRSS11D,5.041137355706884,2.2965930870480588e-14,Upregulated
CCDC65,-2.518295032064912,2.3010443769304252e-14,Downregulated
IL7R,-2.4860856931387065,2.3338200688084174e-14,Downregulated
KLKB1,-1.8476286698023576,2.3612598691399667e-14,Downregulated
PRICKLE3,1.113527858352498,2.3630168871752343e-14,Upregulated
BTN3A2,-1.284115106950873,2.3782722459022737e-14,Downregulated
NRROS,-1.6119393032641414,2.4311603073309142e-14,Downregulated
PSMG3,1.2347068706896869,2.4315191118860303e-14,Upregulated
PPP3CC,-1.0537232508417702,2.4571717812241196e-14,Downregulated
TTPA,-2.1894055973641247,2.495044421547341e-14,Downregulated
PFN2,2.171175319828638,2.5246606386976233e-14,Upregulated
GPC5,-3.0826077004520176,2.5467031827045896e-14,Downregulated
DSN1,1.1378410646232764,2.5467031827045896e-14,Upregulated
FBXO5,1.201364350733933,2.547529595049857e-14,Upregulated
KCNH6,-2.031360396010437,2.563564924781985e-14,Downregulated
TNR,-2.743860787397132,2.563564924781985e-14,Downregulated
ARHGAP25,-1.4068648629885896,2.5709421911134852e-14,Downregulated
MYO5C,-2.009594973610014,2.5763597136318564e-14,Downregulated
PDGFB,-1.5490164713521022,2.5978839608006762e-14,Downregulated
HEG1,-1.9066615113200849,2.633171707323907e-14,Downregulated
TTC21A,-1.992977290454124,2.6356008187574743e-14,Downregulated
ZC2HC1C,-1.5619518824141458,2.6386599065922962e-14,Downregulated
CD83,-2.070781926386003,2.6480879219440392e-14,Downregulated
PPM1K,-1.6219662581877712,2.6560380840156485e-14,Downregulated
DACH1,-2.7409959751308923,2.7076609862124555e-14,Downregulated
GJA3,3.1497217107239144,2.7344634778201793e-14,Upregulated
TRABD2A,-1.872350951086729,2.7344634778201793e-14,Downregulated
DIO2,2.865352572180824,2.7344634778201793e-14,Upregulated
ST6GALNAC4,-1.1145096486217838,2.741709703477413e-14,Downregulated
STMN1,1.4472559493690298,2.7647835697527286e-14,Upregulated
C17orf103,-1.542942044240812,2.7804919891153815e-14,Downregulated
DCUN1D1,1.379216233994903,2.78475308942108e-14,Upregulated
ETV1,-2.1235200355659405,2.7887712929986954e-14,Downregulated
RARG,1.18980460226744,2.8092580440563423e-14,Upregulated
TNFRSF1B,-1.679605473594581,2.8426100326489347e-14,Downregulated
MFN1,1.155487552993533,2.8506175695117444e-14,Upregulated
IL16,-2.0256795272901598,2.867048397102685e-14,Downregulated
ETS1,-1.906863429436175,2.86993344838669e-14,Downregulated
WWC1,-1.6364711912325465,2.8868930678412015e-14,Downregulated
TMEM173,-1.4570581749774083,2.9163221960775734e-14,Downregulated
GFRA1,-2.63610156124191,2.9163221960775734e-14,Downregulated
MYO9A,-1.0396315452900762,2.9242266686032185e-14,Downregulated
ZNF441,-1.2992114478852246,2.928416542725093e-14,Downregulated
CD300LB,-1.869352381603896,2.92883935075279e-14,Downregulated
LDHA,1.2327450514008813,2.9418665461083964e-14,Upregulated
AMHR2,-1.923582132528752,2.9603401610852114e-14,Downregulated
DEFA3,-4.881379330795374,2.983160198371503e-14,Downregulated
IVL,4.815440641800729,2.994980411473863e-14,Upregulated
AKNA,-1.5588250873535845,3.015521273026172e-14,Downregulated
TMEM150A,-1.0754884525205952,3.0341558766495516e-14,Downregulated
FAM81B,-4.05233231988619,3.0355894720684306e-14,Downregulated
MGAT4A,-1.596270686798582,3.0366623802084394e-14,Downregulated
PLEK2,2.342153685376873,3.054910785395283e-14,Upregulated
SORBS3,-1.207843640536959,3.066821584050173e-14,Downregulated
CACNA1B,3.1363512877023814,3.067091093380984e-14,Upregulated
CXorf21,-1.8712014235421397,3.083171375360372e-14,Downregulated
SMO,1.9825492365056483,3.1326643010262736e-14,Upregulated
CLEC10A,-2.438853017845964,3.1339029675920024e-14,Downregulated
PLEKHN1,2.151761826710529,3.205892072829273e-14,Upregulated
FAM83C,4.594337428978311,3.2067758303066074e-14,Upregulated
TTLL11,-1.0215611232302395,3.2470475175431106e-14,Downregulated
TBXA2R,-1.5799843710943513,3.2660616247876163e-14,Downregulated
FCGR1B,-2.1841384307796394,3.2779450552744144e-14,Downregulated
NKAIN1,3.026210928349616,3.2888936278232215e-14,Upregulated
COQ3,1.3568621785227624,3.302572844769261e-14,Upregulated
KAL1,-2.3894365145517664,3.3552525366236936e-14,Downregulated
HGF,-2.289969124430668,3.3552525366236936e-14,Downregulated
PARD3B,-2.063511618967973,3.3724309385586414e-14,Downregulated
HOXC11,3.7242260837970806,3.374896497421399e-14,Upregulated
LGALS12,-2.027648980393461,3.3785683999526394e-14,Downregulated
ARRDC3,-1.396077657473645,3.3801761541781785e-14,Downregulated
PALMD,-2.0001835534633416,3.3990526326674964e-14,Downregulated
RHBDD3,1.0009799853807273,3.399656092361152e-14,Upregulated
NEBL,-1.667453064931122,3.4003020505615834e-14,Downregulated
PODXL,-1.9156876577132351,3.4089373395931367e-14,Downregulated
NIT2,1.0819616359959916,3.4215056051806444e-14,Upregulated
SCGB3A2,-5.084496295298996,3.4513226787889624e-14,Downregulated
HIP1,-1.188034187812801,3.453034818264854e-14,Downregulated
MCOLN1,-1.128432112620473,3.4683241265697296e-14,Downregulated
KIAA1244,-2.095115184451946,3.4683241265697296e-14,Downregulated
CLEC6A,-2.2479251619740257,3.4853463789797503e-14,Downregulated
MUC1,-2.979216301093741,3.494580489495029e-14,Downregulated
AGMAT,2.1573897592454143,3.4985311112069754e-14,Upregulated
PROS1,-1.870787682966212,3.5229910904462654e-14,Downregulated
ARRDC2,-1.5054939645511514,3.541168471360802e-14,Downregulated
WSB1,-1.0086269997786346,3.5610427832728234e-14,Downregulated
DIXDC1,-1.528241817261469,3.568287460843568e-14,Downregulated
WASF3,-1.8988336644365396,3.5918960949437024e-14,Downregulated
GALC,-1.311173092978683,3.596061249715763e-14,Downregulated
CTSG,-3.1866607495728108,3.6930182341485074e-14,Downregulated
RIIAD1,-3.836797467192098,3.7224480864069635e-14,Downregulated
PRDM5,-1.6452919692339891,3.7361503331496403e-14,Downregulated
STXBP1,-1.623132796855197,3.769507176107672e-14,Downregulated
NDUFS6,1.101176393520845,3.7839156799669246e-14,Upregulated
TPSD1,-2.539696017949203,3.7902244475408534e-14,Downregulated
ARHGEF38,-2.589971650754506,3.8148776837807017e-14,Downregulated
IL36RN,4.580464639620505,3.821620424164424e-14,Upregulated
RHCG,5.015559016719159,3.8752207199401e-14,Upregulated
APCDD1L,3.160807222903574,3.87663316268275e-14,Upregulated
DUOX1,-2.3882425663572207,3.8788111095445294e-14,Downregulated
KLHDC7A,-2.781308959560952,3.8835225585770094e-14,Downregulated
BAIAP2L2,2.783614897143172,3.8950108039904775e-14,Upregulated
TEKT3,-2.41405780071386,3.9047412541567855e-14,Downregulated
TM4SF18,-2.172001156930625,3.9564495667498494e-14,Downregulated
HOXD10,3.914866193751987,3.9564495667498494e-14,Upregulated
MRPL47,1.2758827493681864,3.9624397414595065e-14,Upregulated
ITGAX,-1.8417639577499791,3.9902474990990175e-14,Downregulated
GCLC,2.301760607517007,3.99527435810757e-14,Upregulated
SCN4B,-2.623485001056641,4.0119292251831113e-14,Downregulated
WDFY4,-2.264320339095544,4.0384232065568884e-14,Downregulated
FCGR3A,-2.13999752189166,4.053419662136429e-14,Downregulated
HR,2.6676504322658303,4.0573779210537136e-14,Upregulated
CD4,-1.8298026056998893,4.102034524090044e-14,Downregulated
ALAS2,-3.1602484779618214,4.1155277779759744e-14,Downregulated
PCDHGA5,-1.6134887181606117,4.1228540920466686e-14,Downregulated
CKMT1A,3.3158976106334093,4.123318992330704e-14,Upregulated
CLEC4D,-2.057088025586141,4.1712460466695916e-14,Downregulated
RAPGEF4,-1.8290307291691548,4.193318064411192e-14,Downregulated
C11orf82,1.7133120756330076,4.2089913546034546e-14,Upregulated
WDR43,1.0645073377485446,4.211922163804464e-14,Upregulated
IGSF6,-2.0203848947871377,4.2199136922006506e-14,Downregulated
ADORA2A,-1.7133280098592598,4.272514146516941e-14,Downregulated
IYD,-2.5733263997887588,4.283614971384924e-14,Downregulated
VRK1,1.1611773402483063,4.3122884525321335e-14,Upregulated
TUBB3,3.202352005738903,4.3460770418727677e-14,Upregulated
HPDL,2.810878401950707,4.3542102388551057e-14,Upregulated
KCTD16,-1.8281391987356848,4.3734377627348206e-14,Downregulated
CCDC102B,-1.5746943723020823,4.406443960648588e-14,Downregulated
RIN3,-1.423527273051155,4.407322967840672e-14,Downregulated
CCT4,1.1358838037326675,4.407322967840672e-14,Upregulated
CASK,1.1386249194161842,4.41467943064553e-14,Upregulated
PLD1,1.9368688699040684,4.440002499104047e-14,Upregulated
GGT1,-2.1562754559861723,4.4694549834455284e-14,Downregulated
DAW1,-3.4771413041904027,4.4816190282783565e-14,Downregulated
PPP5D1,-1.6516029830825532,4.4892460634231607e-14,Downregulated
ACR,-1.726332310812252,4.513798394428072e-14,Downregulated
NHS,1.42058880679864,4.513798394428072e-14,Upregulated
HSDL2,-1.06392091395972,4.542611937338431e-14,Downregulated
RHOU,-1.8521518623364168,4.5489041515629836e-14,Downregulated
MMP28,-3.0762487902446125,4.550825778899964e-14,Downregulated
ZNF488,2.5635988903922247,4.5888194574826903e-14,Upregulated
GAS7,-1.649223432623229,4.6247925322637326e-14,Downregulated
SFTPB,-6.191959786765485,4.6403760546411904e-14,Downregulated
GLP2R,-2.370238135020726,4.650327696258114e-14,Downregulated
PTPRH,3.146176556798261,4.696193768097563e-14,Upregulated
DOK7,-2.5042538296618875,4.7031856239148166e-14,Downregulated
DAPK1,-2.279797907283175,4.783179594233327e-14,Downregulated
NOTCH3,1.2570599743142097,4.9140971511375625e-14,Upregulated
MAN1A1,-1.7401947198813286,4.9140971511375625e-14,Downregulated
PDZD2,-2.747441538741141,4.955406422875546e-14,Downregulated
SIGLEC1,-2.3070523200840665,4.9591381073929044e-14,Downregulated
SAMD9L,-1.7792281785050426,4.9998869771346076e-14,Downregulated
ZNF106,-1.21647141243918,5.0159413813056894e-14,Downregulated
MGAT3,-2.9256873136668577,5.0553553218222555e-14,Downregulated
CBX1,1.0643134266624834,5.0636316699468096e-14,Upregulated
SPTLC3,-1.839213720011708,5.136813850403069e-14,Downregulated
CASP5,-1.797644090569388,5.1660733945380216e-14,Downregulated
TJP1,-1.1335282654575032,5.2074649891038885e-14,Downregulated
PHACTR3,-2.7221378201200945,5.239071988505777e-14,Downregulated
EMP3,-1.5913725760569637,5.251304825747936e-14,Downregulated
LCP1,-1.7778444160075253,5.3572418396988166e-14,Downregulated
LAMC3,-2.105698024333053,5.3764998312196625e-14,Downregulated
YDJC,1.4227427342345962,5.4044693622263785e-14,Upregulated
DDN,2.149399251501348,5.4761147794007327e-14,Upregulated
PROM2,2.442148962983665,5.650591868282545e-14,Upregulated
TMEM140,-1.19862867330969,5.652271559139791e-14,Downregulated
SPRR3,6.157698284030991,5.6534193941765495e-14,Upregulated
IL18RAP,-2.0743852003439347,5.678692567226547e-14,Downregulated
ST3GAL6,-1.464313823827994,5.704208688945615e-14,Downregulated
TEX14,-2.026948157509183,5.758570662940104e-14,Downregulated
PPIL6,-2.3213865482980136,5.773655672293127e-14,Downregulated
CKAP5,1.1521588405028744,5.78599228943857e-14,Upregulated
SIM2,2.505870127612378,5.796309549634915e-14,Upregulated
IL36G,5.155121263576976,5.819389469713228e-14,Upregulated
PPARG,-2.512568170602432,5.819741146692975e-14,Downregulated
L1TD1,-2.486716755789481,5.830185947180434e-14,Downregulated
FOLR3,-3.6130745033487175,5.850165076422254e-14,Downregulated
PPP1R12B,-1.6847119751094324,5.853421462627935e-14,Downregulated
LMNB1,1.7964732765279263,5.853421462627935e-14,Upregulated
FGL2,-1.9413548125974651,5.853421462627935e-14,Downregulated
EPB41L2,-1.566077971941148,5.979628364052123e-14,Downregulated
CYS1,-2.363173558656838,6.002393267645951e-14,Downregulated
NRG3,-2.3981132117699664,6.01128621864864e-14,Downregulated
RP11-867G23.8,-1.9092437501519648,6.052201445695834e-14,Downregulated
PREX1,-1.864514033930175,6.064344443374048e-14,Downregulated
MVP,-1.2041186998072906,6.120211186624595e-14,Downregulated
CETP,-2.1355797014608218,6.133268528010332e-14,Downregulated
TENM4,2.612069621782981,6.173212396524332e-14,Upregulated
FAM47E,-2.000387743755936,6.241698024661429e-14,Downregulated
CSF3,-4.612512008115838,6.244068222548026e-14,Downregulated
ACAA2,-1.3933317044998876,6.245771649099647e-14,Downregulated
HOXA11,3.0860272667908686,6.303657938445143e-14,Upregulated
DUSP27,-2.269754458911525,6.319829589793667e-14,Downregulated
SERPIND1,-3.4117409937141923,6.330465146083792e-14,Downregulated
GBP3,-1.4523489558861638,6.343219624844437e-14,Downregulated
APBB1IP,-1.9798028271235653,6.379493692584022e-14,Downregulated
LILRB2,-1.754126322447176,6.427897172511406e-14,Downregulated
CTD-2600O9.1,-2.657461206532508,6.432673302625376e-14,Downregulated
TMEM74B,-2.109447732670838,6.448455271321561e-14,Downregulated
DSCAML1,-1.9905606695913816,6.448455271321561e-14,Downregulated
CHRM2,-2.93862832902198,6.463497599086732e-14,Downregulated
PRR15L,-2.927633875459324,6.530785136738366e-14,Downregulated
C6orf25,-2.3140053043609794,6.635286415670957e-14,Downregulated
MPHOSPH9,1.0103987451608445,6.667486589201836e-14,Upregulated
SPRR2D,5.498130225756874,6.795724678445896e-14,Upregulated
CCDC180,-2.0203900676133597,6.819999802398217e-14,Downregulated
LAMA2,-1.7368665188100278,6.925844442147966e-14,Downregulated
MACF1,-1.3052941345650364,6.986292554889077e-14,Downregulated
FOXD1,2.925221226284835,6.9970892064154e-14,Upregulated
DHCR24,-1.4660783695549586,6.9970892064154e-14,Downregulated
RPL3L,1.9497177527266631,7.019380045162755e-14,Upregulated
SMOX,1.6947036007424758,7.114844750507155e-14,Upregulated
MAST3,-1.0133394290349385,7.125660273236434e-14,Downregulated
DOK3,-1.7327420586971334,7.137165516807975e-14,Downregulated
HDC,-2.6422126171466926,7.21978624571427e-14,Downregulated
SLC44A2,-1.139216338244843,7.271689835767392e-14,Downregulated
PCDH20,-3.022813687315029,7.28851261703176e-14,Downregulated
CNTN4,-2.263303420066796,7.374193434205206e-14,Downregulated
KLK6,4.350013754940398,7.394609183655013e-14,Upregulated
HMHA1,-1.194705750881976,7.460655523077375e-14,Downregulated
ZNF69,-1.6098070633653585,7.543976289044902e-14,Downregulated
TMC5,-2.8986178366652613,7.555460848239452e-14,Downregulated
SLC16A6,-1.6112112656364932,7.58557668047382e-14,Downregulated
ARL11,-1.4048978772108152,7.659989120058319e-14,Downregulated
EVI2A,-1.8149024187064235,7.690326863266028e-14,Downregulated
C5orf49,-3.728616205347728,7.710925435731339e-14,Downregulated
EPOR,-1.5082401752363372,7.717322320389965e-14,Downregulated
CTD-2116N17.1,1.968727366974864,7.759904321839236e-14,Upregulated
APLP2,-1.0823528634474826,7.99686343914445e-14,Downregulated
PLXNB3,2.384118410108197,7.997499937214763e-14,Upregulated
PARP15,-1.8866824269655729,7.997499937214763e-14,Downregulated
LIN9,1.1329507664193654,8.02296058881379e-14,Upregulated
ADCK5,1.0327439648436902,8.091379707242346e-14,Upregulated
DHH,-1.900911988069817,8.099996813132825e-14,Downregulated
HOXD13,4.293652738046127,8.222753458943714e-14,Upregulated
MAN1C1,-1.6152671710323467,8.27715952587419e-14,Downregulated
LSR,1.110980172652269,8.310155072355143e-14,Upregulated
RDX,-1.0298038301540269,8.314842447052684e-14,Downregulated
SCEL,-3.722518929784999,8.314842447052684e-14,Downregulated
IL5RA,-2.521989732578838,8.392656696565587e-14,Downregulated
SIGLEC5,-2.320076320697292,8.675691029484906e-14,Downregulated
BMPER,-2.6734999225261484,8.744973401944762e-14,Downregulated
PTPN5,-2.588420093822913,8.764738238395024e-14,Downregulated
HSPD1,1.289215935756996,8.816361461033603e-14,Upregulated
C19orf69,-2.2357705556930654,8.816361461033603e-14,Downregulated
CCDC159,-1.0796104591294302,8.910377381840876e-14,Downregulated
SEMA3E,-3.270394569476653,8.949302297087085e-14,Downregulated
SORD,1.7147039941737292,9.105491008455189e-14,Upregulated
PTGER2,-2.0931310661691755,9.1791949166588e-14,Downregulated
MCL1,-1.0929410838010956,9.190279767884516e-14,Downregulated
KBTBD11,-2.052981393004327,9.221924608700452e-14,Downregulated
ABCG2,-2.3391873479097347,9.239014261486529e-14,Downregulated
DAB2,-1.6211797783101076,9.430575197754389e-14,Downregulated
NFIX,-1.6037241670060318,9.46324638404981e-14,Downregulated
FADS3,-1.4900009864353017,9.504938179903305e-14,Downregulated
RGS7BP,-2.230130841752367,9.524809601887785e-14,Downregulated
CCDC92,-1.1064699204357815,9.638349606877384e-14,Downregulated
THRA,-1.1560787310246263,9.719531338962711e-14,Downregulated
DCN,-1.911764535711852,9.775187627321273e-14,Downregulated
CAMK2A,-1.905792748110868,9.778637362733271e-14,Downregulated
U2SURP,1.1168651528634523,9.882599663514615e-14,Upregulated
EXOC6,-1.286866812282673,9.893353348283297e-14,Downregulated
CEACAM8,-2.840012243832549,9.961678897169997e-14,Downregulated
MTHFD2,1.6111747006479469,1.0002441753795937e-13,Upregulated
IL12RB1,-1.9119418660160836,1.002374899414587e-13,Downregulated
NOP2,1.2262756924883345,1.0035227354217045e-13,Upregulated
RASA4B,-1.4168650967668626,1.0079095500765799e-13,Downregulated
FLRT3,-3.359295351949407,1.0103569412783245e-13,Downregulated
CADPS2,-1.8004164731228665,1.0104093012504883e-13,Downregulated
AKAP12,-2.293933298635096,1.0104093012504883e-13,Downregulated
TMC2,-1.9316784193303185,1.0105828147828721e-13,Downregulated
SPAST,1.0276470329651968,1.0112458617278969e-13,Upregulated
TSC22D1,-1.2539217111978704,1.0140353632789997e-13,Downregulated
CMTM5,-2.674506556429304,1.0402803792905241e-13,Downregulated
TBC1D7,1.0635290652724532,1.0524940420670243e-13,Upregulated
HLX,-1.689813262867773,1.0665799106075093e-13,Downregulated
GUCA1A,2.796741362344978,1.0667465448277175e-13,Upregulated
ZMYM6NB,-1.0607838662855915,1.0704897050586054e-13,Downregulated
ADRA1B,-2.6291147712754053,1.0806158566986089e-13,Downregulated
LCP2,-1.6249030521454966,1.0828990957360329e-13,Downregulated
FAM216B,-4.536691480136535,1.096025059255533e-13,Downregulated
CKS2,1.6464705916986624,1.1123606435729465e-13,Upregulated
CMTM2,-3.003643558309922,1.1189910555760712e-13,Downregulated
IL11,2.609956226334916,1.1263330022223637e-13,Upregulated
PXK,-1.0317631522488089,1.13427138064217e-13,Downregulated
MYH11,-2.8945046564876566,1.1365329872096949e-13,Downregulated
B4GALT4,1.5011780220610262,1.137857487133254e-13,Upregulated
CDH24,1.482564701059153,1.1416710910731633e-13,Upregulated
DBF4B,1.2207821083328438,1.143684035068804e-13,Upregulated
PCDHAC1,-1.9601062504453317,1.150664934351503e-13,Downregulated
PGM2,1.0788244868438357,1.1584403170471712e-13,Upregulated
ZMAT1,-2.084886417423066,1.1608421987456306e-13,Downregulated
MAGOHB,1.039021805566417,1.1608421987456306e-13,Upregulated
VASH1,-1.6556854596462136,1.178810297297557e-13,Downregulated
ITLN1,-4.671576509458808,1.1823348241686572e-13,Downregulated
SOGA2,1.7204194223740652,1.1936149765027045e-13,Upregulated
NAALAD2,-1.6842396678525726,1.1952781893013516e-13,Downregulated
LRRC4B,-2.2915292934930305,1.2014229442445784e-13,Downregulated
GCA,-1.322940754575189,1.2115607133976602e-13,Downregulated
HSPE1,1.2992156755746809,1.2196340337225214e-13,Upregulated
EFR3B,-2.370457227781249,1.2254926330249353e-13,Downregulated
TMEM232,-2.52615451283123,1.2279198192109458e-13,Downregulated
LGR4,1.813745922618562,1.254375413540312e-13,Upregulated
CTB-50L17.14,-1.837753281803716,1.2660739225284632e-13,Downregulated
TFEC,-2.0000338886984057,1.266824639992273e-13,Downregulated
NMU,4.170650829712085,1.268016544807191e-13,Upregulated
SIGLEC14,-2.1166594980930427,1.2690536598780744e-13,Downregulated
CNFN,3.530989426521751,1.2924426915616618e-13,Upregulated
MAST1,2.442952575632845,1.3195323990416976e-13,Upregulated
EDEM1,-1.033136708767023,1.3434926639518384e-13,Downregulated
SPRR2A,5.847370269310391,1.3464546831372225e-13,Upregulated
HBG2,-3.5732901394060463,1.3496153985441857e-13,Downregulated
CGN,-2.13353005628338,1.351497947265383e-13,Downregulated
SDR9C7,3.082287852613467,1.352672420698087e-13,Upregulated
KLRD1,-2.065460217572471,1.3551239237111722e-13,Downregulated
DUSP26,-2.5630722437566438,1.3551239237111722e-13,Downregulated
INSC,-2.3432673299632807,1.3883397201454565e-13,Downregulated
DHRS13,1.2964680565758098,1.390691989731201e-13,Upregulated
RENBP,-1.5288229622550826,1.4214861176667206e-13,Downregulated
FILIP1L,-1.608628898013551,1.43693499174956e-13,Downregulated
FAM174A,-1.0143147447583305,1.4486974704199968e-13,Downregulated
CTNND2,-2.877562761040074,1.4500525214638146e-13,Downregulated
ALOX15B,-3.3631270095831125,1.451599852546906e-13,Downregulated
TMEM206,1.0860831796778134,1.458456154576462e-13,Upregulated
RND1,-3.5370449248471454,1.4630753018381412e-13,Downregulated
VAT1,-1.084705348178435,1.4630753018381412e-13,Downregulated
C15orf26,-2.6396019811452875,1.4764126124163454e-13,Downregulated
SIGLEC6,-2.618140337606305,1.4788151653297417e-13,Downregulated
MYO1B,-1.0335298752633797,1.4789757057758045e-13,Downregulated
SDR16C5,-2.593510670527346,1.4825087604845998e-13,Downregulated
KLRB1,-2.337815386626425,1.4872020125869897e-13,Downregulated
ITIH2,-2.2901924036305825,1.4895420664960716e-13,Downregulated
ZNF429,-1.2927597116521552,1.5219122042942668e-13,Downregulated
TTLL6,-2.4323872116495564,1.564624589443828e-13,Downregulated
CNN1,-2.188830279720155,1.6057850279486146e-13,Downregulated
ROS1,-3.831875760281167,1.6166015189316793e-13,Downregulated
PTPN22,-1.7480635999912275,1.621732810213939e-13,Downregulated
SENP5,1.0127489871068691,1.6302758671477725e-13,Upregulated
FAM134B,-1.9800044932505507,1.6360547228421588e-13,Downregulated
ABI3,-1.6123498501186688,1.6421316737267236e-13,Downregulated
JAK2,-1.1388175889712224,1.642237257498774e-13,Downregulated
CSF1,-1.7199955407019534,1.6432943421156654e-13,Downregulated
ZNF19,-1.271179403595455,1.6653791274324865e-13,Downregulated
SOX12,1.5458743640529686,1.6742993779839292e-13,Upregulated
IFT88,-1.0331516896713984,1.6816336361907973e-13,Downregulated
BMP2,-2.439795691452708,1.6997418102960051e-13,Downregulated
TMEM130,-2.732058040792904,1.7009683594171864e-13,Downregulated
KIAA1456,-2.2849343512852363,1.7009683594171864e-13,Downregulated
DENND4C,-1.1347086036513314,1.7020766691392685e-13,Downregulated
CIITA,-2.091179452535213,1.7050725382285493e-13,Downregulated
SOX15,3.080779552242041,1.729554510417113e-13,Upregulated
FZD5,-1.779628599414508,1.7305763886464098e-13,Downregulated
RIMS2,3.060980176761707,1.7380997319158369e-13,Upregulated
FAM181B,2.569637338157216,1.7438721511391094e-13,Upregulated
FGF14,-2.3193428122454325,1.7470236683123947e-13,Downregulated
CENPP,1.3217695030274292,1.7632062062956968e-13,Upregulated
SLC5A8,-3.203095418700992,1.782342789075775e-13,Downregulated
CYFIP2,-1.6329360771008077,1.799004239077073e-13,Downregulated
ATAD3C,-2.00390853787796,1.8047872134011994e-13,Downregulated
SLC25A48,2.825687580897196,1.8293513829618842e-13,Upregulated
PSPH,1.618628814661335,1.8331210506758533e-13,Upregulated
SNAI3,-1.8097802539883148,1.8405750587574937e-13,Downregulated
FAM124A,-1.7084606536626945,1.84897947318516e-13,Downregulated
FAM72C,2.2773005252885548,1.84897947318516e-13,Upregulated
ETV4,2.588242579285684,1.8526270084628652e-13,Upregulated
NKAIN2,3.151975311409873,1.8600490867158886e-13,Upregulated
PARP1,1.0560779224446026,1.8692160454014476e-13,Upregulated
POU6F1,-1.2243193203318985,1.8737006373494478e-13,Downregulated
RGAG4,-1.61371644743443,1.886154663511443e-13,Downregulated
DUSP6,-1.9019597498296843,1.923337842369212e-13,Downregulated
KIF6,-2.1340874337105533,1.978094881734272e-13,Downregulated
RPP40,1.5984402256436878,1.9817324752350678e-13,Upregulated
KANSL1L,-1.1851060791804535,1.9956509739048602e-13,Downregulated
MATK,-1.818434957708586,2.044925487441844e-13,Downregulated
IL10RA,-1.7949040955561832,2.0455281123641891e-13,Downregulated
USP54,-1.4400015385184552,2.067234705404105e-13,Downregulated
CREBRF,-1.2503795865639464,2.0808444476706958e-13,Downregulated
NCF1,-1.988831947895557,2.0831909781831974e-13,Downregulated
DTX4,-1.480392939584375,2.0831909781831974e-13,Downregulated
PTGER4,-1.7601877119674851,2.1080407547045531e-13,Downregulated
ABHD6,-1.3723587649856706,2.109490932296745e-13,Downregulated
AARD,-3.155293169111506,2.1359660255577365e-13,Downregulated
SLC38A1,1.1435272728576464,2.139381094794915e-13,Upregulated
SIGLEC7,-1.8766798097278787,2.154892045227301e-13,Downregulated
FBXO41,1.4992096389109646,2.1618523203821082e-13,Upregulated
B3GNT4,1.8000515997929112,2.164856731532073e-13,Upregulated
DNM3,-1.9174379267899704,2.1919896455051225e-13,Downregulated
NDST1,-1.3956892263243024,2.1952957617820123e-13,Downregulated
CC2D2B,-1.530437175844865,2.1961500020406122e-13,Downregulated
SOX2,4.176457183529608,2.1974018967538602e-13,Upregulated
FAM179A,-2.865624722284612,2.221086334067523e-13,Downregulated
MYH10,-1.730006032294721,2.2342031612515018e-13,Downregulated
MMP23B,-1.7539197264256536,2.243379077948292e-13,Downregulated
GNB1L,1.0778427406337494,2.2604937522539101e-13,Upregulated
TRIM58,-3.0102823886542005,2.294625355610206e-13,Downregulated
PLAU,2.1062756740117603,2.3168964395084913e-13,Upregulated
COTL1,-1.3558828388533168,2.3223635753126975e-13,Downregulated
CDC7,1.428645108454882,2.330281708109608e-13,Upregulated
SPRR1A,5.793477623457356,2.334387329476541e-13,Upregulated
SULF1,2.201958438480826,2.356739903330212e-13,Upregulated
ACSF2,-1.2311720164032032,2.388285467810231e-13,Downregulated
FAM65B,-2.1968558076895963,2.3908471083685465e-13,Downregulated
ARHGEF2,-1.1541173140265624,2.416417820266452e-13,Downregulated
HBM,-2.9575265232146584,2.4171673521003457e-13,Downregulated
DLL3,2.693998735576108,2.426550612412832e-13,Upregulated
TAGAP,-1.8247004387116703,2.429158660631136e-13,Downregulated
GBP4,-1.9884323802301624,2.459073421375125e-13,Downregulated
TP63,4.1618162519015,2.485518792174801e-13,Upregulated
ELMO1,-1.6254890379135265,2.485518792174801e-13,Downregulated
MMP14,1.3692161784404426,2.501311711704482e-13,Upregulated
MMP1,4.745327392817512,2.5209172710638e-13,Upregulated
HRASLS5,-2.917587099984972,2.527090555748179e-13,Downregulated
SCGB1A1,-6.634463068339505,2.539338165676756e-13,Downregulated
LDLR,-1.6229410633205088,2.545530285373485e-13,Downregulated
SNX20,-1.7856666754667565,2.559144823640519e-13,Downregulated
PLAGL1,-1.2158813630245646,2.562377596748104e-13,Downregulated
GMPR,-1.8541372896062187,2.592588590911344e-13,Downregulated
PUS1,1.0390166320174623,2.629642550123768e-13,Upregulated
HLF,-2.4537108298740007,2.65689465872424e-13,Downregulated
PRKCB,-1.8913599138156671,2.667046928235147e-13,Downregulated
AC008948.1,-2.8288264408764343,2.682629328857309e-13,Downregulated
C2orf54,-2.6296324286493657,2.68661761178142e-13,Downregulated
TNS3,-1.78392290709324,2.6975806721570123e-13,Downregulated
B3GNT1,-1.0888244153074726,2.7208577541534856e-13,Downregulated
EVA1A,-2.031962726331672,2.7264413796274844e-13,Downregulated
EPDR1,-1.9845046946666232,2.7346605671840575e-13,Downregulated
HOXC10,4.382270562020391,2.7361830330134273e-13,Upregulated
HPR,-2.805984173084263,2.781896032961464e-13,Downregulated
BTN3A1,-1.345684296136774,2.782443845820955e-13,Downregulated
FGG,-4.866786356056432,2.8006923365103385e-13,Downregulated
ITGB2,-1.8068634598243136,2.802261375033388e-13,Downregulated
CCIN,-1.739501845822113,2.802261375033388e-13,Downregulated
MRAS,-1.5254989525572702,2.8394104709487843e-13,Downregulated
CCDC181,-2.7401506092575327,2.8604996234151616e-13,Downregulated
GPX2,4.734920696798231,2.8604996234151616e-13,Upregulated
EPHA1,1.2068630979628905,2.88321296681484e-13,Upregulated
IGFL4,2.889526189219986,2.899113629592941e-13,Upregulated
C15orf52,-1.9327432901316008,2.899113629592941e-13,Downregulated
GPR182,-2.1103542707157312,2.9051598855361577e-13,Downregulated
PRKCQ,-1.999200335912957,2.940216209193319e-13,Downregulated
CXCL17,-3.209038766428113,2.958229170394435e-13,Downregulated
SLCO4C1,-2.684417458627375,2.969257407103622e-13,Downregulated
AL162407.1,-1.0248994043052706,2.99894652963512e-13,Downregulated
RFC3,1.156072658261042,3.0631644967027217e-13,Upregulated
LTBP4,-1.8564711489339916,3.077274141499768e-13,Downregulated
LCAT,-1.3670536846734809,3.0850253468345733e-13,Downregulated
C9orf84,1.9919279558382497,3.102049915679054e-13,Upregulated
C1QL1,2.7700560835518457,3.1208878147176613e-13,Upregulated
PPAP2C,2.1213720612539007,3.131460538665296e-13,Upregulated
CPQ,-1.230977389919305,3.131460538665296e-13,Downregulated
HHATL,-2.4526759375978653,3.132924063480044e-13,Downregulated
IRX4,4.010962846479953,3.133254525374835e-13,Upregulated
THSD1,-1.7511858366314152,3.2092845993330697e-13,Downregulated
ANPEP,-1.8496081857779083,3.2165930099997625e-13,Downregulated
PINK1,-1.0017620680312351,3.217253792016855e-13,Downregulated
P2RX7,-1.7105982499624437,3.221763425027064e-13,Downregulated
TSACC,2.514629227730332,3.249998439512237e-13,Upregulated
ASNS,1.6662724338287251,3.249998439512237e-13,Upregulated
C10orf105,-1.6681380096224223,3.249998439512237e-13,Downregulated
CCDC167,1.1121568541122515,3.25414023837209e-13,Upregulated
C4A,-2.2543133883161968,3.3071974501341164e-13,Downregulated
BMX,-2.4300346844315013,3.3167212343561885e-13,Downregulated
SLC6A15,3.5844683188732693,3.35015619920354e-13,Upregulated
PDCD5,1.0580395591056142,3.381146646672285e-13,Upregulated
ACSL1,-1.3001953340851031,3.406111752686882e-13,Downregulated
HMGB2,1.1109806991885751,3.422534840734781e-13,Upregulated
AMIGO1,-1.5949157357217736,3.4313798929435053e-13,Downregulated
ADCYAP1R1,-1.8471703324432465,3.444990162586427e-13,Downregulated
IFFO1,-1.5890246636426637,3.454752683733343e-13,Downregulated
B4GALNT1,2.7387152203617173,3.468973945812639e-13,Upregulated
PLCH1,-1.9975423981340992,3.489534201971985e-13,Downregulated
EFCAB2,-1.142338453691372,3.52536004435674e-13,Downregulated
ID4,-2.352134214896193,3.5337374676671273e-13,Downregulated
TMEM63C,2.2044256596377254,3.567493216847517e-13,Upregulated
SYDE2,-1.608866869722819,3.6353421235837165e-13,Downregulated
MAK,-2.209964182284907,3.701172952758185e-13,Downregulated
LCN10,-2.8187314401509056,3.7184136555494283e-13,Downregulated
CCDC153,-1.9123446251375107,3.726837442902046e-13,Downregulated
OCIAD2,1.0937248620354278,3.747880908555674e-13,Upregulated
EHD1,-1.3560793797755135,3.758103190943907e-13,Downregulated
CALML5,5.108176442714056,3.777951123645248e-13,Upregulated
CEACAM6,-3.4372425853372928,3.8006594266300803e-13,Downregulated
RGS20,3.0006927005787976,3.821542890207877e-13,Upregulated
GAS2L2,-3.3473248684083883,3.821542890207877e-13,Downregulated
EHD2,-1.7041175099128196,3.8486494740482293e-13,Downregulated
ANKRD29,-2.589028791664762,3.863212874194815e-13,Downregulated
SERPINB13,5.439638335864046,3.865093157016713e-13,Upregulated
PARM1,-2.4474443676584245,3.8792462240161897e-13,Downregulated
SPRED1,-1.0749019675850482,3.899031092129482e-13,Downregulated
MAP6D1,1.5836885963230565,3.909538950539184e-13,Upregulated
ARHGEF17,-1.3345069464533257,3.981376438958542e-13,Downregulated
CLSTN1,1.1158829263434369,3.982951810015848e-13,Upregulated
HOXA5,-2.0123644014709567,3.994765216482504e-13,Downregulated
ENO4,-1.7402958703759783,4.018068801153616e-13,Downregulated
PRRG1,-1.4402373983081145,4.0699145929716394e-13,Downregulated
ATAD3A,1.0278432908820303,4.094289114838562e-13,Upregulated
GABRR1,3.136387693972762,4.1100562407681563e-13,Upregulated
FCGR2A,-1.7674501357819707,4.1550329796484093e-13,Downregulated
STARD3NL,-1.0139219234237746,4.200630023880904e-13,Downregulated
PCDHA10,-2.3033425272878296,4.2081055662561933e-13,Downregulated
MAP3K15,-1.9086746538256392,4.2100677402093526e-13,Downregulated
PRIM1,1.1350975525488805,4.219920698727785e-13,Upregulated
NYAP2,-1.844039372239637,4.2290526014888563e-13,Downregulated
ETNK2,1.6429371503057144,4.239799501391199e-13,Upregulated
PDE4A,-1.319398771835078,4.243310422325464e-13,Downregulated
LSM5,1.0164688224345486,4.245259538439675e-13,Upregulated
PAK6,1.473132620109321,4.3718407769883623e-13,Upregulated
TMEM99,1.0813659085133285,4.4341237399120097e-13,Upregulated
UBTD1,-1.3996087377471564,4.470214497189408e-13,Downregulated
DDC,-2.572631790159352,4.494293668063687e-13,Downregulated
DBH,-1.8021139975632976,4.5392354024645574e-13,Downregulated
DGKA,1.384313436909311,4.541151683578579e-13,Upregulated
NACC2,-1.132550177481658,4.550831430023687e-13,Downregulated
SLC9A3R1,1.734703633962905,4.566050800766489e-13,Upregulated
MEOX2,-2.467476064810967,4.683822647238782e-13,Downregulated
MPL,-1.2581986859691128,4.698897446095213e-13,Downregulated
SLC12A8,1.3503942913988336,4.724686044965663e-13,Upregulated
ALG10,1.088640355567886,4.763960820074489e-13,Upregulated
DLK2,2.6433634612280645,4.763960820074489e-13,Upregulated
C20orf194,-1.0409773344478903,4.888227402013105e-13,Downregulated
C10orf99,4.809293475890499,4.927740293173359e-13,Upregulated
NUTM2D,-1.1535140149307672,4.972418940515112e-13,Downregulated
RP11-986E7.7,-1.94911169058824,4.989443411106239e-13,Downregulated
LYST,-1.0580374313259382,5.05443417799686e-13,Downregulated
CR1,-2.0881041107301157,5.064062480333493e-13,Downregulated
NHLRC4,-2.322308018292261,5.07964970040135e-13,Downregulated
OR2W3,-2.501643177204253,5.081978707458082e-13,Downregulated
RNF168,1.2333270120923503,5.104009353506648e-13,Upregulated
RSPH4A,-3.4294468424526943,5.106821307674718e-13,Downregulated
NCALD,-1.7070578133346137,5.163562002782917e-13,Downregulated
TPD52,1.1378421948714283,5.189133079046925e-13,Upregulated
ATP6V0D1,-1.0182362372692817,5.197390084808579e-13,Downregulated
C4B,-2.212546527811611,5.237157692687566e-13,Downregulated
NKD1,-2.156264104204025,5.373283852930227e-13,Downregulated
SLC9A7,1.6742933844992065,5.391052523918936e-13,Upregulated
TLR7,-2.0286058664265765,5.443871222295374e-13,Downregulated
C2orf73,-2.70384771468263,5.450050143508455e-13,Downregulated
EN1,3.3642498574531894,5.458415341398379e-13,Upregulated
LRP2,-3.633861785393933,5.499172876527975e-13,Downregulated
SFXN3,-1.2168609116884053,5.499172876527975e-13,Downregulated
TAF4B,1.2139527275468147,5.504621623620051e-13,Upregulated
AXIN2,-1.8956945118128277,5.519028157060351e-13,Downregulated
CCDC39,-2.284834869128118,5.56203645648683e-13,Downregulated
IBSP,2.7442908602512537,5.56549276084788e-13,Upregulated
PDCD2L,1.171178915409751,5.566507638248432e-13,Upregulated
SEPP1,-2.170001154735342,5.566507638248432e-13,Downregulated
TLE6,-1.459404069668695,5.579234669491862e-13,Downregulated
STK17B,-1.1041149631496605,5.579234669491862e-13,Downregulated
CHKA,-1.0972515941034082,5.643181468114165e-13,Downregulated
PIK3CG,-1.885119934229896,5.691040985685386e-13,Downregulated
BARX2,3.4703306368876903,5.742115600772884e-13,Upregulated
SYBU,-2.463723738112283,5.79848079160247e-13,Downregulated
LINC00908,-2.136990743042194,5.804095130682031e-13,Downregulated
LRRC48,-2.244892574730131,5.884933526203097e-13,Downregulated
CECR1,-1.95391996868862,5.928326504989123e-13,Downregulated
KISS1R,2.054118413561577,5.981082558201976e-13,Upregulated
BOLA3,1.0466669681568703,5.988806942548948e-13,Upregulated
PLXND1,-1.297647290547431,6.006624604739476e-13,Downregulated
WDR63,-2.8061460143344683,6.014658384923308e-13,Downregulated
TREML1,-2.024985089649012,6.035847990485725e-13,Downregulated
PLCL1,-1.982781021177769,6.06994800041871e-13,Downregulated
KIAA1377,-1.7458890231662254,6.072686805353111e-13,Downregulated
CCDC170,-2.839589919915693,6.092490269454056e-13,Downregulated
KREMEN1,1.4827410649859054,6.166503868356073e-13,Upregulated
FAM46B,-2.220407137519529,6.166503868356073e-13,Downregulated
NET1,1.248431453618574,6.243665547214188e-13,Upregulated
LBH,-1.352353314998492,6.284774955752898e-13,Downregulated
ZNFX1,-1.0533340861991167,6.291644412574684e-13,Downregulated
TCTEX1D4,-2.542531763459217,6.304276082981328e-13,Downregulated
KIF13B,-1.5641259578503934,6.357363574837844e-13,Downregulated
RPGR,-1.193141133052003,6.469219030886925e-13,Downregulated
TNFRSF14,-1.2041181539586123,6.485884608289792e-13,Downregulated
KCNJ5,-2.365443081416076,6.505825840985266e-13,Downregulated
ID2,-1.569019872564111,6.515252127229371e-13,Downregulated
PLA2G4F,-3.148336236311597,6.524999226391075e-13,Downregulated
UBXN10,-2.856185109762867,6.642617036106441e-13,Downregulated
EMR1,-3.0425554222479017,6.703146631248232e-13,Downregulated
DHFR,1.0350955996661355,6.771956318344596e-13,Upregulated
CTPS1,1.1350961147140186,6.7859105955904e-13,Upregulated
CH25H,-2.395131144962212,6.792235961384298e-13,Downregulated
SRPX,-1.996659262037345,6.799082214765184e-13,Downregulated
GOLGA8I,-1.2128945981464128,6.877417859282021e-13,Downregulated
DNAH12,-3.567782714809951,6.947512836582029e-13,Downregulated
PMAIP1,2.037453361159198,6.947512836582029e-13,Upregulated
SOX18,-1.8676382387459585,6.948515522683006e-13,Downregulated
ENO1,1.012745102596858,6.984108281101532e-13,Upregulated
NR5A2,-2.133714326024808,6.990279288379654e-13,Downregulated
SLC22A3,-3.195474627978256,7.018754746467014e-13,Downregulated
FXYD6,-1.9688199879438295,7.167353611387703e-13,Downregulated
REEP4,1.070392304159382,7.184754495769337e-13,Upregulated
PDE3B,-1.481947834540061,7.238086616627011e-13,Downregulated
IFT140,-1.0882325173364509,7.255224572564469e-13,Downregulated
SLC2A5,2.258511601397294,7.255847407987314e-13,Upregulated
SYTL3,-1.487852442508057,7.309051044838883e-13,Downregulated
RGL3,-2.645097051164509,7.351632787105175e-13,Downregulated
HSPB1,1.4380392581420072,7.353319241540203e-13,Upregulated
GAN,1.0880785237056667,7.455756488778688e-13,Upregulated
TTC28,-1.5268597911218036,7.507709436984085e-13,Downregulated
SCN8A,2.006772094296815,7.57798772537167e-13,Upregulated
DMBT1,-5.191002800900107,7.608155001606671e-13,Downregulated
SRL,-2.1779608679815863,7.625649254578687e-13,Downregulated
LILRB5,-1.9813969659221995,7.633065860746874e-13,Downregulated
NCAPD3,1.0456853036077076,7.657586483268259e-13,Upregulated
SYNE3,-1.5641417616286128,7.721449042922651e-13,Downregulated
LIPH,-2.367658669778709,7.899916326022484e-13,Downregulated
DNAH1,-1.757079819611571,7.925595544294874e-13,Downregulated
SULT1A3,-1.4709817982538729,7.947439701885737e-13,Downregulated
TVP23A,-1.485990068888447,8.010649014083824e-13,Downregulated
HEYL,-1.4780463535890285,8.013295924464272e-13,Downregulated
CIB2,1.7535425603323036,8.090500269526596e-13,Upregulated
PRSS35,-2.373832406397278,8.166173748026596e-13,Downregulated
CDK15,-1.8227862517954343,8.199187220190275e-13,Downregulated
PC,1.393723851523457,8.333089990040215e-13,Upregulated
SPATA6,-1.440196344890757,8.358188516791509e-13,Downregulated
VWA7,-1.5645050053114735,8.515201780730383e-13,Downregulated
TPCN1,-1.0954910249889558,8.59827530248794e-13,Downregulated
KIAA0355,-1.073533625595689,8.661105542234221e-13,Downregulated
PCDHGB6,-1.9400714381158064,8.830545401861945e-13,Downregulated
NAALADL1,-1.5245022942258109,8.95617554608369e-13,Downregulated
EFCAB12,-2.812312515411966,8.961673866988671e-13,Downregulated
BYSL,1.2147091220992108,9.04821560192876e-13,Upregulated
ANKRD18B,3.261633543030924,9.072344071514162e-13,Upregulated
RYR2,-2.0395422704001227,9.504251553221233e-13,Downregulated
MLKL,-1.2856850790989514,9.51709515340276e-13,Downregulated
TOX,-1.9535964449266867,9.597264828499212e-13,Downregulated
IGFL1,4.587433661157791,9.669952691354873e-13,Upregulated
FREM1,-2.1725792327055293,9.705557930346342e-13,Downregulated
TBC1D2B,-1.0001963357265602,9.764610597644354e-13,Downregulated
TMPRSS11A,4.233883706176933,1.0019246082519365e-12,Upregulated
C20orf85,-5.505235501297195,1.0170361949251665e-12,Downregulated
ZMYND10,-3.746806831212045,1.017087397474935e-12,Downregulated
CABLES2,1.1407859276548935,1.0242182529094166e-12,Upregulated
SEMA5A,-2.423747316266112,1.0322977553215813e-12,Downregulated
MSH2,1.169212499546826,1.0436964360360097e-12,Upregulated
SPTAN1,-1.0194119217198845,1.0467897057460796e-12,Downregulated
MPDZ,-1.4192215037619356,1.058741508403705e-12,Downregulated
TMEM110-MUSTN1,-1.2202300911377293,1.065412271027079e-12,Downregulated
XYLB,1.2321184892952024,1.0793446289020064e-12,Upregulated
SLC44A3,-1.4148830177307392,1.086799895609038e-12,Downregulated
OGDHL,2.979935652261561,1.0926767258745428e-12,Upregulated
TRIM34,-1.296261389148187,1.1091772109320904e-12,Downregulated
NFKBIA,-1.562744811395623,1.1166040302316025e-12,Downregulated
HPCAL4,-1.8811275423913651,1.1199966631604562e-12,Downregulated
CASC1,-2.2802306054629686,1.1411313804344486e-12,Downregulated
CXCL3,-2.9515713865384487,1.1476601039466094e-12,Downregulated
CMA1,-2.776178111997376,1.155573729530965e-12,Downregulated
PTGIS,-2.425790535673795,1.1573274291651442e-12,Downregulated
TMPO,1.0009816165703445,1.1669646318484799e-12,Upregulated
DNAH6,-2.850330835104324,1.1717735377678201e-12,Downregulated
EBF1,-1.629983607884264,1.172428492724033e-12,Downregulated
ASIC1,1.834259304505296,1.1761421337051473e-12,Upregulated
AP000322.54,-1.4164847275387964,1.1774989947699212e-12,Downregulated
CYP3A5,-2.0916080242235573,1.178363255783434e-12,Downregulated
PCOLCE2,-2.358996672787458,1.1798306075497166e-12,Downregulated
MICU3,-1.5959910298191708,1.182394624320014e-12,Downregulated
UNC93B1,-1.0127457970398073,1.1976923333567925e-12,Downregulated
APOC1,-2.3458818086923543,1.2119894020241217e-12,Downregulated
ATP5J2-PTCD1,1.2090479862090122,1.2196035043667508e-12,Upregulated
ALS2CR12,-2.054680787368804,1.2264471974908366e-12,Downregulated
ZNF483,-1.3626225770816642,1.2306389034222777e-12,Downregulated
FCGR1A,-1.8999928278485108,1.2363868796599854e-12,Downregulated
PRTFDC1,1.350201907376185,1.2598233419660853e-12,Upregulated
LIPA,-1.4156856438918464,1.266477544288435e-12,Downregulated
S100A7A,3.613030679331388,1.2834676317230369e-12,Upregulated
ZNF703,1.49548642662885,1.3054350774175704e-12,Upregulated
CALHM2,-1.1954887387285371,1.316332281594581e-12,Downregulated
CRIP1,-2.6689840539083787,1.3284533142913559e-12,Downregulated
PTPRN,2.3205811454180147,1.3284533142913559e-12,Upregulated
OLFML3,-1.4464727038092242,1.3332842456280057e-12,Downregulated
ADAMTS1,-2.0154855920606334,1.346405318246993e-12,Downregulated
OCEL1,-1.1354892310054776,1.346405318246993e-12,Downregulated
CTD-2210P24.4,-1.8737437041119591,1.346405318246993e-12,Downregulated
PECR,-1.2417674545062851,1.3470999563181909e-12,Downregulated
BTN2A2,-1.1703890523208296,1.3529361097211137e-12,Downregulated
HIST1H3G,3.098981737664843,1.3536507971480633e-12,Upregulated
FABP3,-2.095686251110582,1.3545579858662273e-12,Downregulated
MAGED4,2.874881174023588,1.3545579858662273e-12,Upregulated
PPP1R32,-2.3160733866121124,1.3552859719141222e-12,Downregulated
UBXN11,-1.1580374739235977,1.35549244007463e-12,Downregulated
MYL4,-1.7566230759423118,1.3572077567787069e-12,Downregulated
IKZF1,-1.7747311552036154,1.3673488526789762e-12,Downregulated
INA,3.1141152589944165,1.3725809149918292e-12,Upregulated
PNPT1,1.0064663874258537,1.3797639590864526e-12,Upregulated
STAT5A,-1.211771088341829,1.3809550111512636e-12,Downregulated
CC2D2A,-1.3429462012491484,1.3884947154975862e-12,Downregulated
TESC,-2.0215776803090018,1.3884947154975862e-12,Downregulated
LY6D,5.643999205532726,1.4255499015172337e-12,Upregulated
C10orf112,-2.139762155395624,1.428245457189341e-12,Downregulated
MAP3K13,1.1043137276708386,1.4320297068854057e-12,Upregulated
PRKAR2B,-1.52552017120614,1.4474984892686028e-12,Downregulated
UGT1A1,3.790205327047871,1.4552879916545328e-12,Upregulated
C3AR1,-1.8186360207326395,1.4554989576828234e-12,Downregulated
NTNG1,-3.153583360705083,1.4572638422486593e-12,Downregulated
NUDT11,2.3767204789302063,1.4618242447143585e-12,Upregulated
ARHGEF26,-2.30137572348818,1.478042175422318e-12,Downregulated
TPSG1,-1.7909774663758715,1.4875585981278992e-12,Downregulated
ZNF331,-1.6415696186836666,1.4877733856884625e-12,Downregulated
GNG2,-1.628039879920137,1.5056633728089205e-12,Downregulated
SLC6A16,-1.7451340744704842,1.506773663081965e-12,Downregulated
SGCE,-1.7600079104497972,1.5133185806256913e-12,Downregulated
WBSCR17,-2.2439265532102404,1.5139916617294916e-12,Downregulated
PITPNM2,-1.18157451145182,1.5452848283086968e-12,Downregulated
OASL,-1.9562745778024395,1.5580438344449448e-12,Downregulated
FAM101B,-1.4609877177897523,1.562177699377293e-12,Downregulated
C1orf194,-4.881651434861203,1.5718023117219849e-12,Downregulated
PADI3,4.096607142626234,1.5749882471167337e-12,Upregulated
SPRR2G,4.817106765207461,1.578663828524126e-12,Upregulated
ADTRP,-2.066878207571457,1.5799419442181373e-12,Downregulated
CYB5R2,1.5474485682718804,1.582351931186028e-12,Upregulated
GLRX3,1.0007830131014115,1.5985453875759494e-12,Upregulated
HMCN2,-2.530561821253208,1.5985453875759494e-12,Downregulated
SMARCD3,-1.235294039162229,1.602377203185996e-12,Downregulated
KCNAB1,-2.0557674604251925,1.637894463383935e-12,Downregulated
MSLN,-3.9299923299515074,1.6579296719743486e-12,Downregulated
LGALS7,4.680015548015258,1.6601030318806058e-12,Upregulated
NPBWR1,2.630421870288056,1.6606411860526488e-12,Upregulated
PLA2G4C,-1.6554931186560902,1.6612703070705406e-12,Downregulated
TDRD9,-1.828557678716352,1.6648333677017217e-12,Downregulated
SMS,1.0092155150693891,1.6648333677017217e-12,Upregulated
GPR39,-2.1759442318272795,1.6755658727176545e-12,Downregulated
HAUS5,1.008622367900455,1.6790599838922266e-12,Upregulated
MDK,1.8878434356430545,1.6797042269842153e-12,Upregulated
HLA-F,-1.3921567139401532,1.6976846913420901e-12,Downregulated
C4orf21,1.1457233390632675,1.7029872537607078e-12,Upregulated
FCGR3B,-2.292729286105857,1.717666819352126e-12,Downregulated
SLC4A11,2.0174694356397422,1.7529583666879269e-12,Upregulated
ODF3B,-1.2280389066266115,1.7583161903403568e-12,Downregulated
ZNF597,-1.9516060304036644,1.765469976365626e-12,Downregulated
GRTP1,1.741366475766327,1.7946505423006109e-12,Upregulated
C1QTNF5,-1.454315255497301,1.808539786814168e-12,Downregulated
NGEF,2.6808492520965173,1.8152385171099119e-12,Upregulated
HIF3A,-2.9880088225779358,1.8261419181097103e-12,Downregulated
HEMGN,-1.9012100570407453,1.8508132767039106e-12,Downregulated
BAIAP2L1,1.0007850883058094,1.8571254365661906e-12,Upregulated
C1orf115,-1.5815684483748529,1.8580992285986758e-12,Downregulated
LDLRAD1,-4.3117682661563865,1.8672859234768498e-12,Downregulated
IL22RA1,1.9239427465464016,1.86729818317303e-12,Upregulated
PLAC1,3.1893851692615165,1.889483744570185e-12,Upregulated
GAL3ST1,-2.1187881509972675,1.89288418367788e-12,Downregulated
TNFSF14,-2.0464164639516387,1.9034204441567645e-12,Downregulated
RP4-576H24.4,-2.572303034544051,1.9045429931589675e-12,Downregulated
TSPAN15,-1.124706130069237,1.9376709070495255e-12,Downregulated
C10orf2,1.3207882818834262,1.9444307928632094e-12,Upregulated
P2RX2,-2.9461500149561064,1.9569641651515203e-12,Downregulated
UBQLNL,-1.4166852167491686,1.9765899060757475e-12,Downregulated
CGREF1,2.8339384176636804,1.984971803061109e-12,Upregulated
PKDCC,-2.258037526700376,2.014686545800117e-12,Downregulated
TNFAIP8L3,-1.5311927211153744,2.0155626077232277e-12,Downregulated
AQP5,-3.211442381649932,2.022199020915036e-12,Downregulated
MUC21,-2.863601078537314,2.024902064362301e-12,Downregulated
CUBN,-1.27945448285024,2.0480594547089293e-12,Downregulated
CLEC12B,-1.8673287264609937,2.170201195188982e-12,Downregulated
TBC1D9,-1.1682412120069117,2.18877269452339e-12,Downregulated
ELOVL4,2.318490430174253,2.192248297634484e-12,Upregulated
PLA2G16,-2.277450210776774,2.197229407437439e-12,Downregulated
ADCY6,-1.2003875569743512,2.197229407437439e-12,Downregulated
PRRX2,2.262935278052808,2.206429275006757e-12,Upregulated
GALNT5,-2.0710161905989866,2.2193545363310028e-12,Downregulated
PIEZO2,-2.187051498683841,2.2319178911374573e-12,Downregulated
EFCAB11,1.0276585084691965,2.2338110998120935e-12,Upregulated
FAM83A,4.430978268885346,2.2352276933715665e-12,Upregulated
PGLYRP1,-3.0393039738002234,2.242344164740265e-12,Downregulated
HHLA2,-2.800582507466132,2.247704672449917e-12,Downregulated
PARD3,1.048625797726487,2.268917641947026e-12,Upregulated
KLRG1,-1.7041504205780358,2.2827161567366385e-12,Downregulated
RP11-863K10.7,-1.247237210043251,2.2855772659623826e-12,Downregulated
MATN3,-2.335850492871605,2.2867749054095515e-12,Downregulated
GJA5,-2.152940561520058,2.3055166589166747e-12,Downregulated
CSF2RA,-1.696069759680661,2.330090774547952e-12,Downregulated
TRPV3,1.9926832788451576,2.338384639726209e-12,Upregulated
CST7,-1.8598047022314868,2.3434529009492626e-12,Downregulated
PLCL2,-1.5648794389515848,2.3496378153844814e-12,Downregulated
CMKLR1,-1.770001368335678,2.366857033012118e-12,Downregulated
ZNF423,-1.875541178573083,2.367790287864919e-12,Downregulated
SPRR2E,5.203512780074458,2.392917984964534e-12,Upregulated
DPP4,-2.1542875141835958,2.40727893172759e-12,Downregulated
ASGR1,-1.3345076455647191,2.41382418208228e-12,Downregulated
FAM188B,-1.2982283432053068,2.425087359249275e-12,Downregulated
SIAE,-1.2448973786919648,2.432576239380422e-12,Downregulated
ERVMER34-1,2.237048296807136,2.4349557480540555e-12,Upregulated
FAM181A,-2.941162847567452,2.4480144368912847e-12,Downregulated
IPO4,1.0600005344263117,2.4545954073926442e-12,Upregulated
STXBP6,-2.9131684381592544,2.492503568540876e-12,Downregulated
NPY1R,-2.345096243256217,2.5046412197822768e-12,Downregulated
C3,-2.170784286050265,2.5046412197822768e-12,Downregulated
GSTA3,-2.979555839661761,2.5224296025011946e-12,Downregulated
MT1A,-3.717671583397829,2.5547098799662386e-12,Downregulated
ITGB8,1.9654670966178136,2.574131311169673e-12,Upregulated
ZC4H2,-1.6788682877955088,2.5781581496666322e-12,Downregulated
ANKS1A,-1.0850983309343931,2.5787757841451085e-12,Downregulated
WNT7A,-2.9824533159650297,2.5789188158313825e-12,Downregulated
ALOX12B,2.6713055557020198,2.611345547090287e-12,Upregulated
ANKRD13B,1.8721633257215051,2.627542825452237e-12,Upregulated
HPSE2,-2.6138824759775314,2.634861995104415e-12,Downregulated
GCHFR,-1.71999727326323,2.650792879262851e-12,Downregulated
HSD17B1,1.8819989679878448,2.650792879262851e-12,Upregulated
KIAA0825,-1.0917398155938849,2.6844311162730817e-12,Downregulated
KIF26B,2.141534383637249,2.7384115103820254e-12,Upregulated
FIBIN,-2.115901275232396,2.761037152373347e-12,Downregulated
SYT12,2.610985577041009,2.83652557822242e-12,Upregulated
GDNF,2.6641763046042533,2.8512424615056127e-12,Upregulated
FOLR2,-1.679612370288707,2.8603281786707694e-12,Downregulated
HLA-DQA1,-2.1333321811230928,2.9127954711911007e-12,Downregulated
KBTBD8,-1.3916822747127373,2.928442250891014e-12,Downregulated
MDFI,1.6086269819644643,2.9483690882868097e-12,Upregulated
PTPRO,-2.0609638921644526,2.990112717163362e-12,Downregulated
TJP3,-2.3409697730231382,2.9957722904675375e-12,Downregulated
TMEM14A,1.209216692636291,3.039069451953188e-12,Upregulated
ANXA6,-1.4584324660521908,3.0485491936723457e-12,Downregulated
ALOXE3,2.871388232942968,3.0647481837730937e-12,Upregulated
FAM180A,-2.0449057021924526,3.0686649501271924e-12,Downregulated
PTGFR,-2.234014469921335,3.166582953982414e-12,Downregulated
FAM25A,3.943267451307399,3.1828254952350058e-12,Upregulated
FOXP1,-1.1231393334754198,3.194550801566954e-12,Downregulated
TESPA1,-1.9248280546545768,3.2151465875263362e-12,Downregulated
MAOA,-1.826274704419676,3.220244561528628e-12,Downregulated
CCNJL,-2.0431350383003224,3.288234395541195e-12,Downregulated
SLC1A5,1.0027446737906462,3.302237217940547e-12,Upregulated
ZNF530,1.090154151602281,3.329378698012209e-12,Upregulated
CTIF,-1.1492149986216056,3.36497848988104e-12,Downregulated
FAM132B,1.9135135034169508,3.374544264869172e-12,Upregulated
ZBTB46,-1.297632709687428,3.388603733658678e-12,Downregulated
GNLY,-2.017056459942066,3.425175930276256e-12,Downregulated
STX1A,1.3829525513845606,3.425175930276256e-12,Upregulated
PODXL2,2.098828999489661,3.4680325367184645e-12,Upregulated
C1QC,-1.9335295656449247,3.4995329762105928e-12,Downregulated
LIN7A,-2.210945669688373,3.521471675971905e-12,Downregulated
JAG1,1.6692153224221349,3.558910547622479e-12,Upregulated
BOLA2B,1.134705059128274,3.565698158580455e-12,Upregulated
NFKBIZ,-1.8425460462511565,3.5879273045415048e-12,Downregulated
C3orf18,-1.3396411939751331,3.620183654228533e-12,Downregulated
LTB4R2,2.5129181493883674,3.643932912234948e-12,Upregulated
PNMT,-2.277324609807934,3.7117584676913656e-12,Downregulated
GALNT12,-1.2470612770279743,3.7903573540525696e-12,Downregulated
PLCXD3,-2.3712837884173803,3.801806069264984e-12,Downregulated
GALNT10,-1.0984277210573197,3.8292786095819706e-12,Downregulated
BMP3,-3.125154939215492,3.837569277130185e-12,Downregulated
TTC39A,-1.397648424432357,3.856588462874435e-12,Downregulated
MYOZ3,-1.5816842284104893,3.8603976137431634e-12,Downregulated
FITM1,-1.34729151773685,3.864378056407992e-12,Downregulated
WSCD1,-2.114414837308898,3.8863377794959695e-12,Downregulated
RAP2B,1.15647213614195,3.90171357426594e-12,Upregulated
MRVI1,-1.4062639834773236,3.903640866924028e-12,Downregulated
C9orf135,-3.922042644244624,3.903641401742857e-12,Downregulated
FJX1,1.6162485520137322,3.9362796151057446e-12,Upregulated
PTPRF,1.0876468535582138,3.9377025029742885e-12,Upregulated
FLT1,-1.261375348700705,3.96060359246526e-12,Downregulated
APOBEC2,-2.203003110595788,4.007707402204996e-12,Downregulated
CTSD,-1.2498039037975257,4.008859093593097e-12,Downregulated
WNK2,3.113506225268262,4.113752157719423e-12,Upregulated
NNMT,-1.7368630561194376,4.142599906037887e-12,Downregulated
SNTN,-4.320480530141765,4.190935120336709e-12,Downregulated
TEKT1,-4.369889909149395,4.227166073689663e-12,Downregulated
PABPC5,-1.5341665153910364,4.249688197759487e-12,Downregulated
GALNT18,-1.4260801199453166,4.293352459938208e-12,Downregulated
TTC16,-2.411632220717828,4.293358976225095e-12,Downregulated
QKI,-1.122548774077849,4.306927324470256e-12,Downregulated
SDC4,-1.454510671180934,4.3175357385055234e-12,Downregulated
C1orf170,1.7896005005478584,4.3903548683254346e-12,Upregulated
HCK,-1.5507840755988802,4.395960476686705e-12,Downregulated
AP1S2,-1.0347011990293282,4.40323805316556e-12,Downregulated
CD163,-1.968824244257444,4.409236134406178e-12,Downregulated
POP1,1.1868568632841423,4.439927365540265e-12,Upregulated
ZNF208,-1.7773755661924526,4.47826865896118e-12,Downregulated
GAB2,-1.9486236861677917,4.510046189965475e-12,Downregulated
TSPAN7,-2.442544540692399,4.5203426837302015e-12,Downregulated
LTBP2,-1.5174516388112291,4.5678141061785634e-12,Downregulated
ADGB,-3.257650986283747,4.585739944000232e-12,Downregulated
SAC3D1,1.0519616558660472,4.586270658694809e-12,Upregulated
CD86,-1.5176452598550192,4.608690685540612e-12,Downregulated
EPB41L3,-1.7843137049104223,4.709701319174557e-12,Downregulated
CACNB2,-1.4918394993195785,4.725682618422433e-12,Downregulated
AXL,-1.430979396953191,4.742086041841656e-12,Downregulated
SPATA18,-2.340418722968546,4.786201278383555e-12,Downregulated
ABCB1,-2.2590399466944997,4.8430111538860536e-12,Downregulated
CDHR3,-2.762795852575992,4.84698609845147e-12,Downregulated
CELSR3,1.4740693972535732,4.847609295950659e-12,Upregulated
UBXN7,1.0619578170045454,4.870382944732335e-12,Upregulated
HPN,-2.964744428248226,4.895121765735287e-12,Downregulated
CARD6,-1.4003906360312357,5.050917642879441e-12,Downregulated
ROPN1L,-3.2674673137657715,5.085397044554571e-12,Downregulated
MFAP2,1.867644790634232,5.087394396127345e-12,Upregulated
SEMA4B,1.6739203850294937,5.100321732404898e-12,Upregulated
RARRES2,-1.6994121580673394,5.127705278811648e-12,Downregulated
VENTX,-1.5760463638852924,5.150809346608275e-12,Downregulated
PTAFR,-1.5684249881483625,5.154868881076173e-12,Downregulated
DDR2,-1.6443216817688358,5.1829950957068345e-12,Downregulated
SLC43A1,-1.1398065585596076,5.198119342553298e-12,Downregulated
ADCY7,-1.0654905708339717,5.257987314092014e-12,Downregulated
DEFA4,-2.9745579824553454,5.271187196996755e-12,Downregulated
EFHB,-2.384772013451385,5.308395676524102e-12,Downregulated
H1F0,1.2090201383483716,5.323258186912124e-12,Upregulated
KIAA0513,-1.3913910925000774,5.337932379414572e-12,Downregulated
C13orf45,-1.9153418050238276,5.356832050890643e-12,Downregulated
EDARADD,2.2954295698411835,5.3778501113118e-12,Upregulated
ROBO2,-2.258658023740714,5.409873929827053e-12,Downregulated
CYGB,-1.3143132743858867,5.4222700271064454e-12,Downregulated
JPH2,-1.959623297521083,5.4238295302964105e-12,Downregulated
GAD1,2.859818704160813,5.445092467459092e-12,Upregulated
UPB1,-1.911457927241824,5.45162274811263e-12,Downregulated
RIBC1,-1.8191787729846756,5.500369108664807e-12,Downregulated
CD40LG,-2.430879841101797,5.519117848913399e-12,Downregulated
HLA-B,-1.2260783932567474,5.539160818933606e-12,Downregulated
HOXC6,2.738165746685016,5.540957150636554e-12,Upregulated
MYCL,1.7792040185466975,5.569352425006926e-12,Upregulated
XDH,2.386343965814454,5.690301909879423e-12,Upregulated
TTC40,-2.430439454686294,5.7829609313981895e-12,Downregulated
SLC25A45,-1.07942800131912,5.799890282446258e-12,Downregulated
SERPINE2,1.9837225970886203,5.866251512601477e-12,Upregulated
MASP2,-1.5027518943622376,5.9078891130396906e-12,Downregulated
CNKSR2,-1.9860463065733849,6.007893821870999e-12,Downregulated
FSTL3,-1.91254673253413,6.036132690856748e-12,Downregulated
IFIT2,-1.678646453024487,6.156283276296832e-12,Downregulated
DNAH9,-3.1897812323385164,6.1634476991435016e-12,Downregulated
ALPPL2,-2.5287610296371743,6.19652887804544e-12,Downregulated
B3GNT8,-1.8060865263107215,6.28596801625544e-12,Downregulated
HAVCR2,-1.648619279918357,6.422757154118957e-12,Downregulated
SIX4,2.153355973079254,6.4625886647935665e-12,Upregulated
TCEAL7,-1.67569964017844,6.465685605339825e-12,Downregulated
HMBOX1,-1.0594079275502055,6.467952046714385e-12,Downregulated
CYTIP,-1.752161491905338,6.4738308504715335e-12,Downregulated
NKG7,-2.2313746810828032,6.501374128572639e-12,Downregulated
RMI1,1.239421986203392,6.502845222603605e-12,Upregulated
ATP2C2,-2.241764372973927,6.515335845428639e-12,Downregulated
NCOA7,-1.609804585692535,6.527391654341926e-12,Downregulated
SEC14L4,-2.5381099283679243,6.536928981558298e-12,Downregulated
LRRC8C,-1.0325675221687396,6.580456632811428e-12,Downregulated
RGS2,-1.7780388677360095,6.6214155112819415e-12,Downregulated
NCR3,-2.037716509851897,6.623048522943791e-12,Downregulated
FOXN1,2.992614731845591,6.623048522943791e-12,Upregulated
PTCHD1,-1.6498389691078423,6.6641272972277695e-12,Downregulated
CTD-2021H9.3,3.383519118403578,6.6686715446990544e-12,Upregulated
GCNT4,-1.5228537909774502,6.732239801475625e-12,Downregulated
EGR2,-1.745495623371391,6.803390743555235e-12,Downregulated
GGT2,-1.8916643365138008,6.803390743555235e-12,Downregulated
KRT31,4.177639228968418,6.829371069121565e-12,Upregulated
AHNAK2,2.2652947441662272,6.941284831871461e-12,Upregulated
ITPRIP,-1.0723514322551324,6.94573915711157e-12,Downregulated
MMP13,4.412790155960465,7.012633962595738e-12,Upregulated
AGPAT2,-1.124900457991581,7.0140900851887375e-12,Downregulated
PCDH1,-1.4394098105702628,7.0140900851887375e-12,Downregulated
LILRB1,-1.7907816734185935,7.016027008971539e-12,Downregulated
XXbac-BPG181M17.5,-2.76292737006277,7.028840039285208e-12,Downregulated
CHPT1,-1.0833336947538117,7.028841983654301e-12,Downregulated
RHBDL1,1.660949565620525,7.041049152926474e-12,Upregulated
ST8SIA4,-1.30038456747444,7.115859684869635e-12,Downregulated
MLLT11,1.908048393701029,7.246312542337184e-12,Upregulated
FAM60A,1.0341180190152135,7.621432897498916e-12,Upregulated
MICAL3,1.179609833977671,7.733574615475739e-12,Upregulated
FAM213A,1.0262750345004257,7.763946781095488e-12,Upregulated
ODAM,-3.209536662363588,7.792934315465339e-12,Downregulated
NUDT8,1.4133213089800778,7.801517334258999e-12,Upregulated
ZNF493,-1.4211941040244875,7.86099343750456e-12,Downregulated
MARVELD3,1.264514336021259,7.879157937757484e-12,Upregulated
ADM2,2.1588378722119845,7.950708078121169e-12,Upregulated
PIK3AP1,-1.4348973447874327,8.036911499889033e-12,Downregulated
CD22,-2.2115361066547603,8.047032487446185e-12,Downregulated
TMEM133,-1.3170621337826356,8.056381779472362e-12,Downregulated
FAM228A,-1.5137876418014642,8.179313639168882e-12,Downregulated
LAMA4,-1.5000031390560942,8.237072621016773e-12,Downregulated
MCTP1,-1.490570053854488,8.237072621016773e-12,Downregulated
THBS2,2.1378453716163115,8.363565146321911e-12,Upregulated
C1orf127,-1.4993333880787525,8.377829888322663e-12,Downregulated
SLC39A2,3.1442558524721784,8.471510785065421e-12,Upregulated
SNRPG,1.009804016038954,8.485981198215514e-12,Upregulated
TUBA1A,-1.4117650962960209,8.534950869536547e-12,Downregulated
METTL1,1.025097353925144,8.541710162562614e-12,Upregulated
THNSL1,1.0054694465403022,8.57271119193185e-12,Upregulated
PCDHGB4,-1.9381213944900584,8.610010428239527e-12,Downregulated
IDH2,1.0382351819222588,8.669533186916266e-12,Upregulated
WDR19,-1.0029377327289986,8.703000392819272e-12,Downregulated
PCDHA3,-2.0848483726693914,8.714609481837644e-12,Downregulated
IFIT3,-1.5803914911503156,8.737552355732941e-12,Downregulated
ELN,-2.5372558680892503,8.9077376590898e-12,Downregulated
MAGEA4,5.411298719610083,9.051419350419276e-12,Upregulated
XAGE2,-3.663115179049522,9.21517814919971e-12,Downregulated
AP000769.1,2.066695776648728,9.339227268660224e-12,Upregulated
AWAT2,-2.2149118708612985,9.3802220716343e-12,Downregulated
ZDHHC14,-1.1423530003871347,9.445475757397191e-12,Downregulated
HOXC9,2.944067950824073,9.6206874121282e-12,Upregulated
PTCHD4,-1.8062983478992491,9.632319885826344e-12,Downregulated
C1orf51,1.6515648007649242,9.948042270740949e-12,Upregulated
PALM3,-2.6217427982756334,9.954821542548107e-12,Downregulated
CSDC2,-1.7975001495300171,9.98707293515728e-12,Downregulated
CPNE9,-1.3673963273159386,1.0033499900631375e-11,Downregulated
LRFN5,-1.356325216744302,1.0100401344367136e-11,Downregulated
TTYH3,1.214311711427552,1.010488118760708e-11,Upregulated
OSR1,-2.346657728781808,1.0131822513282917e-11,Downregulated
SOCS3,-1.8076482551269493,1.01354993785916e-11,Downregulated
SERPINB7,3.83160435858668,1.0269679973943295e-11,Upregulated
CAPNS2,4.166942446530083,1.0320121125503156e-11,Upregulated
ACVR1C,2.027776448354882,1.041721262863153e-11,Upregulated
FAM57A,1.1933276967380897,1.0462281459580912e-11,Upregulated
CDKL5,-1.4156889879525822,1.0492969737008824e-11,Downregulated
TPD52L1,1.5956876147054049,1.0496380431543263e-11,Upregulated
SPEF1,-2.87185264330248,1.0548152985777182e-11,Downregulated
SCNN1G,-2.52365204114711,1.0827100574349027e-11,Downregulated
TRIM61,-1.6075701750907374,1.0945716410160239e-11,Downregulated
TDRD5,2.9677116832432424,1.1004515248583194e-11,Upregulated
HSPB2-C11orf52,-2.5918282431856667,1.105263723791772e-11,Downregulated
HOMER3,1.2333357610825413,1.1091750245974412e-11,Upregulated
SLC26A2,-1.0682433017976054,1.1190358720463163e-11,Downregulated
BMP6,-1.9045152559934728,1.1193833971834352e-11,Downregulated
HIST1H4E,1.9404550847130189,1.1244283352050709e-11,Upregulated
SLC25A4,-1.1333255108797804,1.1329222510567707e-11,Downregulated
STON2,1.5070683082250484,1.1400165503405303e-11,Upregulated
IQGAP2,-1.6323484613346384,1.1593353872272744e-11,Downregulated
CD59,-1.0184313056463044,1.1725030583367582e-11,Downregulated
PAQR8,-1.489078820300512,1.1729534419326352e-11,Downregulated
CATSPERG,-1.386706430137452,1.1751811480625096e-11,Downregulated
PDLIM3,-1.6711748815839922,1.179045103519858e-11,Downregulated
THSD7A,-1.7597265217701097,1.1790481903400091e-11,Downregulated
ABCB9,1.1164866668759317,1.1873746000011035e-11,Upregulated
RFX2,-1.4847085114774012,1.1995929112553444e-11,Downregulated
BRCA2,1.34458692069943,1.2049488825667516e-11,Upregulated
ANKRD66,-3.845724929876527,1.2131642908562726e-11,Downregulated
ZNF491,-1.4426218214835562,1.2223572571775116e-11,Downregulated
USP53,-1.2490121327020116,1.223432151116705e-11,Downregulated
NIM1,-2.200248156338979,1.2299370767449129e-11,Downregulated
RAP1GAP,-1.6482373178755712,1.23534930055781e-11,Downregulated
RALGPS2,1.365686074499986,1.2428293219488208e-11,Upregulated
VILL,-1.478829148334755,1.2478455144407954e-11,Downregulated
CCK,-2.5486958674633766,1.2567385883416392e-11,Downregulated
CASKIN1,1.9276201258968064,1.2599132616248956e-11,Upregulated
MLC1,-2.048309340461248,1.2613340297817556e-11,Downregulated
CLEC4A,-1.451766407416244,1.2635290691297957e-11,Downregulated
IL11RA,-1.6878396835719682,1.273561945031978e-11,Downregulated
RAB40A,-1.8240172585058936,1.289240750966206e-11,Downregulated
ESPN,2.77512319526974,1.289240750966206e-11,Upregulated
LRRN4CL,-1.84667132526515,1.3287422181044836e-11,Downregulated
AMY2B,-1.7874134616255883,1.3358589929518867e-11,Downregulated
PRICKLE4,-1.020983660608267,1.348140438726316e-11,Downregulated
MAGEA9,4.943342086204144,1.348372556207228e-11,Upregulated
EFS,1.292746930109378,1.3792707254699739e-11,Upregulated
CD226,-1.6091500660155402,1.3799747994425706e-11,Downregulated
BNC1,4.069413253919576,1.4060952711907247e-11,Upregulated
PGM1,-1.057647310511152,1.4230625764821532e-11,Downregulated
KRT78,3.271219067838301,1.434619347537012e-11,Upregulated
DPT,-2.111950366230335,1.4510374583827456e-11,Downregulated
FCRL1,-2.5174050686198077,1.4579099447170298e-11,Downregulated
HS6ST1,1.037645805562459,1.4616589254014328e-11,Upregulated
TM4SF4,-2.2321153749897107,1.4628741551905948e-11,Downregulated
KLRC4-KLRK1,-2.08686271922027,1.4732823909081243e-11,Downregulated
SLC7A1,1.3297984993915275,1.4832106427693273e-11,Upregulated
TMEM40,2.9509923677731305,1.4885912511676154e-11,Upregulated
DMRTA2,3.004724348767824,1.4890912514862025e-11,Upregulated
FRAT1,-1.191572830286197,1.4909554568383278e-11,Downregulated
PRDM6,-1.651985267259627,1.5218371341322703e-11,Downregulated
ARHGAP9,-1.3741114856011674,1.5220579523477743e-11,Downregulated
SERINC4,-1.1317260770553983,1.5240650455441297e-11,Downregulated
CDC42EP2,-1.162550155439284,1.5295211467126863e-11,Downregulated
C2orf71,-1.901244782765568,1.5401562326617234e-11,Downregulated
WHSC1,1.0321587241169077,1.5682891876446504e-11,Upregulated
GABRB2,-1.8676399416240548,1.573185820746602e-11,Downregulated
PAPL,3.0751811041652646,1.5815121062791197e-11,Upregulated
TNFRSF18,2.504128797768394,1.586184507162484e-11,Upregulated
RHBDL2,1.7478661803809672,1.5958002956325103e-11,Upregulated
PLAC8,-2.4209747748729296,1.6056884722966795e-11,Downregulated
PRSS57,-1.8086018964343649,1.6099823035031218e-11,Downregulated
PPARGC1A,-2.048891887937748,1.6143346146455062e-11,Downregulated
TOP1MT,1.0696072828434389,1.6298793583331622e-11,Upregulated
VGLL3,-2.0931720319346923,1.630760447036943e-11,Downregulated
ATF3,-1.9623523092810249,1.635367993999003e-11,Downregulated
CSGALNACT1,-1.3986389400130488,1.6416914438310798e-11,Downregulated
TPPP,-2.230769046153624,1.6518794448052728e-11,Downregulated
SLC4A3,1.7580579837483905,1.6585341011781824e-11,Upregulated
ATG16L2,-1.0923516095486612,1.666535042434557e-11,Downregulated
HIST1H2AM,2.8436922134637093,1.6909020188510516e-11,Upregulated
LDHD,-1.6270637357437234,1.6957803798198275e-11,Downregulated
C1orf54,-1.1911755883734472,1.7072336484306168e-11,Downregulated
NCCRP1,3.2330225977947062,1.7106508553850638e-11,Upregulated
CLDN23,-1.555357871898214,1.7220706164069966e-11,Downregulated
DAPL1,4.559280903572449,1.7271460314778075e-11,Upregulated
TMEM119,-1.8376490737970637,1.7400901293561468e-11,Downregulated
SLC29A4,1.7570346450201626,1.7445893803558075e-11,Upregulated
ANKRD22,2.054491892914987,1.7454584783818214e-11,Upregulated
AMY1B,-3.007023436234608,1.7538597491869312e-11,Downregulated
FAM155B,2.254739283399232,1.786072740520972e-11,Upregulated
SLFN11,-1.54804227424788,1.7869003122866505e-11,Downregulated
C8orf46,-2.162193052617612,1.806979160546488e-11,Downregulated
WDR3,1.003325328904916,1.8095182710876064e-11,Upregulated
CERCAM,1.3862778561413425,1.8266657231688447e-11,Upregulated
DOCK9,-1.196273569984475,1.827227167544949e-11,Downregulated
TNNI3K,-1.7086894100097805,1.832476465526002e-11,Downregulated
RGS11,-1.699582069828228,1.851778721763682e-11,Downregulated
TBL1X,1.0043198025552194,1.8576765177222747e-11,Upregulated
GALNT14,2.8962887563865367,1.9027724686770108e-11,Upregulated
MRPL30,1.1147100332102404,1.904777281191968e-11,Upregulated
HIST1H2AE,2.501026490830084,1.913127389774208e-11,Upregulated
DNAJC5B,-2.24673496644865,1.9139987708625543e-11,Downregulated
CTD-2228K2.5,1.0627429603319634,1.918954884991265e-11,Upregulated
ARRDC4,-1.2578433965266376,1.936152510217252e-11,Downregulated
PHKA1,1.14354182142566,1.9487261590234908e-11,Upregulated
INHBE,1.942783967513778,1.95127242707126e-11,Upregulated
SLC15A2,-1.9449217912283547,1.9516652684665762e-11,Downregulated
C6orf123,-1.9220780980522432,1.978077662565253e-11,Downregulated
STK33,-2.232816955281491,2.0038164305095965e-11,Downregulated
UCN3,-2.9717547004922498,2.0195276981756008e-11,Downregulated
RPGRIP1,-1.378492874246839,2.033194218440264e-11,Downregulated
TYRP1,-2.2850946686695237,2.0606153149934373e-11,Downregulated
GBP6,3.821005625001576,2.0755621310408504e-11,Upregulated
C9orf171,-3.544474874876362,2.103587160313991e-11,Downregulated
VSTM1,-1.6613896301894535,2.1060790873932276e-11,Downregulated
FOXRED2,1.2366699628014874,2.1166713317710388e-11,Upregulated
MT-ND1,-1.1678431534370812,2.121107904575981e-11,Downregulated
C17orf96,1.71728036918823,2.1587420976225508e-11,Upregulated
PAQR5,-1.7776475623933017,2.1587420976225508e-11,Downregulated
COA6,1.217842617904422,2.1757661963384613e-11,Upregulated
FAM47E-STBD1,-1.136486646738784,2.1863635337206465e-11,Downregulated
COL5A2,1.909805429294657,2.2012337511590305e-11,Upregulated
LPPR4,-1.624205492052742,2.2012337511590305e-11,Downregulated
TRPV4,1.6406422767778217,2.2232542513159543e-11,Upregulated
CTD-3105H18.14,-1.3367221676826615,2.2264061293697428e-11,Downregulated
GALM,-1.1309789330229938,2.2526261060627216e-11,Downregulated
INHA,1.809562419782475,2.265852369260512e-11,Upregulated
CATSPERD,-4.303179805603802,2.2772141927456133e-11,Downregulated
NRG2,-1.936488668750041,2.277586208178968e-11,Downregulated
MICAL1,-1.2762736908626664,2.291299452930866e-11,Downregulated
SERTAD1,-1.6747080717113985,2.325424981290748e-11,Downregulated
DNAH10,-2.476359932563365,2.3341506109842723e-11,Downregulated
LRRC71,-3.1890439008667526,2.3736394629756265e-11,Downregulated
TFAP2C,1.748251936784654,2.3764690737782693e-11,Upregulated
GZMM,-2.147611764969551,2.3853785454609796e-11,Downregulated
PEG3,-2.126229774394961,2.3967117499927398e-11,Downregulated
DCUN1D3,-1.0749033149011158,2.407012130119304e-11,Downregulated
ABCA10,-1.83945668200392,2.4250395404028508e-11,Downregulated
CHDH,-1.7551338983834004,2.429473270875688e-11,Downregulated
HSPA4L,1.6374509852662955,2.463252072091977e-11,Upregulated
RBM47,-1.0041145703138543,2.4728921521754856e-11,Downregulated
TTLL3,-1.320187845865937,2.4752129829107038e-11,Downregulated
CTD-2370N5.3,-2.403267212680904,2.4970187584984808e-11,Downregulated
WDR96,-2.974501127033024,2.504610124823511e-11,Downregulated
ZNF671,-1.4394227786191438,2.512500817840308e-11,Downregulated
PODN,-1.7443125533144863,2.5355062817779178e-11,Downregulated
MLLT4,-1.035098143173521,2.5406327394786622e-11,Downregulated
CAV2,-1.783137829001152,2.5442059393593743e-11,Downregulated
TNNC2,-1.5922668676158631,2.5722903804356168e-11,Downregulated
RP11-505K9.4,-1.6225264828594543,2.5911218967207084e-11,Downregulated
C1orf106,1.6013730370831851,2.5933549039454167e-11,Upregulated
B3GALT2,-2.374749092160761,2.6119590850585677e-11,Downregulated
EFCAB4A,-1.7566786514678403,2.6143906226545437e-11,Downregulated
RSPH1,-3.295957670701364,2.6192024107654863e-11,Downregulated
VMO1,-1.8941348079794815,2.6215299243814437e-11,Downregulated
SH3KBP1,-1.285492799300414,2.6426640173650903e-11,Downregulated
FAM78A,-1.5229400555921293,2.6542064245911366e-11,Downregulated
LRRC8D,1.0939202367753251,2.6601508579765e-11,Upregulated
SPAG8,-2.409728335844582,2.6660894812476357e-11,Downregulated
GPR34,-1.7054680052543532,2.6966492088737357e-11,Downregulated
HECW1,2.123964614205996,2.702614527837984e-11,Upregulated
BEX5,-1.90901234272755,2.716508745705094e-11,Downregulated
TRIM36,-1.5938464574565852,2.747065717473221e-11,Downregulated
TCAP,-1.5244612053849784,2.8263195469048382e-11,Downregulated
SHROOM1,-1.022361381534422,2.8270741001697094e-11,Downregulated
CNTNAP2,3.203015018172118,2.8369907299622317e-11,Upregulated
EMX1,2.861877531901103,2.853934638908438e-11,Upregulated
KIF19,-2.5834074722220763,2.8661332295478884e-11,Downregulated
NFATC2,-1.938833687995614,2.867905830160585e-11,Downregulated
VANGL2,1.754506379808693,2.899846602999189e-11,Upregulated
KLHL30,-1.6970834288481869,2.9415396534252866e-11,Downregulated
OIT3,-1.7062113327295154,2.941797958989153e-11,Downregulated
SERPINB4,4.4327749490349895,2.9684385463403956e-11,Upregulated
HIST1H2AG,1.891371692911877,3.034388870343763e-11,Upregulated
LSAMP,-1.5948797333166276,3.063405870532081e-11,Downregulated
BOK,-1.2899990442205436,3.0791245509374744e-11,Downregulated
IGLON5,2.1262799358517563,3.0837087696542226e-11,Upregulated
SCML4,-1.9969793736161023,3.1191921653881616e-11,Downregulated
FAM212B,-1.0886405654325415,3.1800025678357176e-11,Downregulated
NAIP,-1.1458834980022718,3.197457623685042e-11,Downregulated
NCR1,-1.8683636673495856,3.2174859611809765e-11,Downregulated
FGD1,1.112357649945669,3.2275945933233874e-11,Upregulated
ANO2,-1.823408064408234,3.228505251341324e-11,Downregulated
PALM,-1.6907903435066816,3.2364592990315254e-11,Downregulated
HIST1H2AH,2.048987844988737,3.241174882639513e-11,Upregulated
THBS1,-1.619215367127541,3.282042044886572e-11,Downregulated
SAMD4A,-1.4794062384342164,3.2906968703631876e-11,Downregulated
CLEC4F,-1.7316069196832022,3.306989867587259e-11,Downregulated
TMIGD2,-1.5151269425213405,3.318124186681933e-11,Downregulated
SLC4A8,-1.69035419551681,3.349402462630238e-11,Downregulated
LY6G6F,-2.754513588484578,3.375355558985324e-11,Downregulated
RASGRP3,-1.2853055675200258,3.379379174269015e-11,Downregulated
LTK,-2.2827436006635367,3.3869811802856393e-11,Downregulated
SPNS3,-1.618211326049413,3.393645546396998e-11,Downregulated
C7orf10,2.0859029035105747,3.435372398746163e-11,Upregulated
FAR2,-1.4876320434834076,3.4772059900543545e-11,Downregulated
CACNA1H,-1.6023214686296852,3.4910742063058654e-11,Downregulated
KIAA1211L,-1.8354806883831407,3.498593852451464e-11,Downregulated
TTC29,-3.4512886861109795,3.615999060741147e-11,Downregulated
FGF7,-2.039598190442928,3.641830584057421e-11,Downregulated
DDAH2,-1.128038904833904,3.694046049491746e-11,Downregulated
GLIPR1L2,-1.124402541270022,3.709195858130448e-11,Downregulated
PDE7B,-1.5353474633094577,3.7625291324578376e-11,Downregulated
ODF3L1,-1.8628983582955847,3.776850220814832e-11,Downregulated
FRRS1,1.355709268683941,3.804532432616977e-11,Upregulated
TMEM233,-1.751418918265133,3.804532432616977e-11,Downregulated
LNX2,-1.1211747541906547,3.80499321916246e-11,Downregulated
DSG1,3.1939098958590675,3.813336697002765e-11,Upregulated
HEPHL1,3.108349169598548,3.813578130925557e-11,Upregulated
HMGCS2,-3.136392661284716,3.856195072756627e-11,Downregulated
CLCN4,-1.7194512353073934,3.8928910280057376e-11,Downregulated
C1orf158,-3.560007538166214,3.900361840116324e-11,Downregulated
SNAI2,1.627248848174065,3.9135309286382555e-11,Upregulated
C1orf173,-3.286527704377646,3.9347676998500304e-11,Downregulated
HRASLS,2.7152428033670537,3.942611352635382e-11,Upregulated
ZNF74,1.0170616682580214,3.971295164625719e-11,Upregulated
CCDC138,1.285673740754782,3.9913714053817566e-11,Upregulated
TMPRSS6,-1.5291583630372796,3.996935496060194e-11,Downregulated
FAM84A,1.906468193769112,4.008664879362373e-11,Upregulated
AC007952.5,-1.6132442672437155,4.0589568451871554e-11,Downregulated
MYEOV,2.8091035347929347,4.061313741075118e-11,Upregulated
MMP3,3.793338526740726,4.092842783112704e-11,Upregulated
MYLK,-1.4235304949303007,4.106942687477911e-11,Downregulated
HIST1H2BG,2.7883657098901784,4.1359681373537513e-11,Upregulated
RNF144B,-1.382935839758458,4.187220417247769e-11,Downregulated
JAZF1,-1.1290136866510228,4.2181894424006725e-11,Downregulated
DCDC2B,-3.4007839996987124,4.2293419827055766e-11,Downregulated
TRANK1,-1.3180438250621052,4.236718410508982e-11,Downregulated
DMRTC1B,-2.072516271255327,4.242593836397278e-11,Downregulated
UCHL1,2.8305859884770754,4.2536243839028694e-11,Upregulated
CARNS1,-1.377185462245333,4.264294283999503e-11,Downregulated
RORB,-1.851208109928156,4.28863509048529e-11,Downregulated
TTYH1,2.084371113001377,4.290697557809648e-11,Upregulated
CCDC108,-3.740562658461558,4.294754365359434e-11,Downregulated
ARHGEF16,1.1517573995013546,4.318104190389728e-11,Upregulated
ARMCX1,-1.2105985401439696,4.3188200920237866e-11,Downregulated
FYN,-1.1776474288947243,4.348127543722474e-11,Downregulated
HBEGF,-2.1480428602422403,4.358321715816265e-11,Downregulated
IL23A,2.1676116651089528,4.364051552643868e-11,Upregulated
ALS2CL,-1.6264688177475612,4.374682070553452e-11,Downregulated
TRIM9,1.840646691453212,4.4225768255983285e-11,Upregulated
IL17RE,-1.479412080015984,4.422615425167981e-11,Downregulated
GRIP1,1.5928036656248077,4.44645291583722e-11,Upregulated
C6orf118,-3.653614022541072,4.4713705844733605e-11,Downregulated
FAS,-1.5260790627981455,4.474704133317239e-11,Downregulated
SYNJ2,1.3064806413925565,4.489240452518464e-11,Upregulated
COX6B2,3.2722693412794457,4.5020992789921956e-11,Upregulated
SLC43A3,-1.445294357643066,4.5358904035518767e-11,Downregulated
C1orf186,-2.297595677190424,4.5388853868117976e-11,Downregulated
NDN,-1.5027452329379445,4.574986131795487e-11,Downregulated
MAP3K7CL,-1.2262724338286084,4.583365624218147e-11,Downregulated
EGR1,-1.9052947124964348,4.61439501758266e-11,Downregulated
TWIST1,2.935631480769212,4.660971673975424e-11,Upregulated
FOXJ1,-3.3675797030639805,4.6780287819353096e-11,Downregulated
SOX4,1.4899996463477176,4.694666333689694e-11,Upregulated
MS4A8,-4.58367649641694,4.7024283344215004e-11,Downregulated
SATB1,-1.0909848638262585,4.711903180551027e-11,Downregulated
CXCL5,-3.067705734555484,4.735613167333219e-11,Downregulated
TMEM170B,-1.533490151379597,4.828621059467227e-11,Downregulated
TTC18,-2.1709365945715837,4.866728823992599e-11,Downregulated
NUTM2B,-1.013532734131192,4.8752445748491447e-11,Downregulated
VANGL1,1.070195806049658,4.877757209590615e-11,Upregulated
FGA,-3.640779670732589,4.887761208115744e-11,Downregulated
TLCD2,-1.303385383689287,4.983491125831668e-11,Downregulated
CCL17,-2.6007873092568543,4.990883182623721e-11,Downregulated
TFDP1,1.1250971470380335,5.0053649203427866e-11,Upregulated
HVCN1,-1.4876537134487275,5.0174668882458604e-11,Downregulated
PLEKHG3,1.1062724377269362,5.0380232554057785e-11,Upregulated
FMN1,-1.421545105383509,5.061467315720413e-11,Downregulated
ASRGL1,-1.6815603914099937,5.064401317413338e-11,Downregulated
ACTG2,-1.952936951692303,5.0972161854668606e-11,Downregulated
RSPH9,-1.905886937277967,5.1051087186660015e-11,Downregulated
PIH1D3,-3.3287033896263525,5.137271008683743e-11,Downregulated
PPP1R9A,-2.3326728361327635,5.170183948183971e-11,Downregulated
LYRM9,-1.2415607084602502,5.182453982787373e-11,Downregulated
ITGB6,-1.6974491962290763,5.192810977852546e-11,Downregulated
ERP27,-2.1364319154915696,5.2629318332408356e-11,Downregulated
C2CD4A,2.7059515561704703,5.2727535628805835e-11,Upregulated
AC104809.3,-3.0016406740440136,5.276836660366419e-11,Downregulated
SH3GL3,-2.246370018969716,5.3394735403538326e-11,Downregulated
TGM5,2.817325591551672,5.3732953298276395e-11,Upregulated
SOBP,-1.649067918339929,5.429120994340766e-11,Downregulated
KCNJ15,-2.0592115738596317,5.436505864481112e-11,Downregulated
TRIM45,1.2802160783286354,5.446302385936557e-11,Upregulated
SLC4A5,-1.303147149386742,5.449850023725792e-11,Downregulated
CCDC152,-1.9331649160655544,5.566015417181424e-11,Downregulated
CD247,-1.6841505106889176,5.569860689633693e-11,Downregulated
GSTT1,-1.624698205355589,5.5777504482391145e-11,Downregulated
CDH8,2.269530330992397,5.6078073272822106e-11,Upregulated
CILP2,2.399865790871405,5.6247780376755085e-11,Upregulated
IL15,-1.2792320749374977,5.6603395185798006e-11,Downregulated
LRRC52,-1.9629262993872432,5.6753863628069856e-11,Downregulated
PON3,-2.077850321947631,5.680927684313647e-11,Downregulated
SFN,2.406666482397732,5.7137518406454695e-11,Upregulated
LAPTM4B,1.0443119648798174,5.843439726152306e-11,Upregulated
CACNB4,-1.9275814851791464,5.848745700229388e-11,Downregulated
HIST1H2BL,1.9926930022154083,5.850740990032249e-11,Upregulated
RFTN2,-1.3701407929725251,5.85518910234707e-11,Downregulated
PRR7,1.487040873232532,5.893617080075172e-11,Upregulated
HIST1H2BO,2.972690662801155,5.953765458852498e-11,Upregulated
HIST1H2BF,2.2940051831411328,5.963922413040958e-11,Upregulated
PPP1R1B,-2.808956381054448,5.964007677295629e-11,Downregulated
WNT2,-1.875681433293828,5.995425439033265e-11,Downregulated
BCAM,-1.4970595365736017,6.10181319584499e-11,Downregulated
CTGF,-1.7123537451447248,6.126801614219145e-11,Downregulated
C1orf210,-1.2647130204850416,6.139271583428429e-11,Downregulated
WDR17,-2.057867193035938,6.204918183536273e-11,Downregulated
KCNK5,-1.700621202108528,6.280131192202583e-11,Downregulated
HMOX1,-1.4309788747572316,6.280543551300252e-11,Downregulated
EIF5A2,1.6949145201349651,6.285758081529549e-11,Upregulated
ACOT4,-1.2011401465346712,6.293543742803028e-11,Downregulated
MYOM2,-1.5764597588773084,6.312786491683731e-11,Downregulated
RP11-366L20.2,1.871334857389015,6.330504968866173e-11,Upregulated
DNAI2,-3.439484454752462,6.33233087270294e-11,Downregulated
TIMP2,-1.2821570809789478,6.350302431668676e-11,Downregulated
MARCH1,-1.116268158067533,6.385801145917992e-11,Downregulated
POU3F1,2.09870439618262,6.408455132915322e-11,Upregulated
HOXB9,3.138281384160795,6.444870014793539e-11,Upregulated
TNFRSF19,-1.644920468322855,6.626349414900909e-11,Downregulated
C9orf66,-1.312685579557786,6.667411874410935e-11,Downregulated
RNASE7,3.548230152268588,6.672280874831311e-11,Upregulated
PPM1J,1.3737648321631664,6.685689186739389e-11,Upregulated
PPP1R36,-1.7768893372566468,6.714480100096002e-11,Downregulated
NKD2,-1.3443135242982311,6.737939150129182e-11,Downregulated
IRF1,-1.468628026517342,6.802554994971417e-11,Downregulated
MROH8,-1.097021349738199,6.894899466725868e-11,Downregulated
TREH,-1.323136216265075,6.926483314013473e-11,Downregulated
KIF3C,1.5307786285096006,6.941556447997856e-11,Upregulated
CREG2,2.562254766968972,6.952620771583779e-11,Upregulated
PCDHGA6,-1.4330588953198111,7.057713190778438e-11,Downregulated
RBPMS2,-1.4004054926001084,7.130954628208267e-11,Downregulated
CA12,2.472346204921574,7.146621455516368e-11,Upregulated
GPR126,-1.8417683354197765,7.2335656841133e-11,Downregulated
FUCA1,-1.115490833127602,7.233836020024638e-11,Downregulated
PPFIA4,1.7819161119713582,7.325479716361076e-11,Upregulated
RSPO3,-1.864992340827197,7.390704310159351e-11,Downregulated
PLOD2,1.425686976458023,7.455781024608622e-11,Upregulated
SPRYD7,-1.1050988161678434,7.473210843430804e-11,Downregulated
IQUB,-1.779985862166622,7.482480874033777e-11,Downregulated
NETO1,2.861505035087178,7.531761566917498e-11,Upregulated
C9orf24,-3.8198902120321616,7.645314507850441e-11,Downregulated
ZP3,1.836058115476611,7.676626737281363e-11,Upregulated
RNF122,-1.275887506998635,7.847066928707843e-11,Downregulated
BMP7,2.824490192274803,7.857935215144275e-11,Upregulated
CNGA4,-2.7025418454290104,7.861582181323566e-11,Downregulated
PAX9,2.646426124947908,7.913091341280334e-11,Upregulated
C6orf15,3.674660412639935,7.973335646324506e-11,Upregulated
PPP2R5A,-1.0196069074929517,8.019815407566101e-11,Downregulated
CEACAM3,-1.9396845644406653,8.133232781513337e-11,Downregulated
C1orf189,-3.5806217562786533,8.148044412150307e-11,Downregulated
FAM83G,1.2852928080986992,8.421606729253376e-11,Upregulated
PXMP4,-1.3813625718668092,8.747775725535104e-11,Downregulated
INPP5D,-1.556469314338666,8.751395548435905e-11,Downregulated
MXRA5,1.762149153034315,8.757502452897208e-11,Upregulated
ZDHHC15,-1.9866190188412785,8.851531400871398e-11,Downregulated
DLEC1,-2.2057910284534983,8.917743901704513e-11,Downregulated
PRKD1,-1.4568651620849016,8.953447969663335e-11,Downregulated
SGSM1,-2.029891209386702,9.000631677024166e-11,Downregulated
SLC1A4,1.5019569375991644,9.064560137049092e-11,Upregulated
RBBP8NL,2.0512100386943866,9.079786895631291e-11,Upregulated
ZFP36L2,-1.0733326692380931,9.248917225837239e-11,Downregulated
STMND1,-3.458009800674172,9.260700657132572e-11,Downregulated
APLN,-2.4462719765042253,9.273514800557804e-11,Downregulated
PCDHGC3,-1.1403941513628872,9.366345963439956e-11,Downregulated
LRRC15,2.2152357295833083,9.570798132700112e-11,Upregulated
CYP2A6,-2.410263958856053,9.59642163393318e-11,Downregulated
MAATS1,-2.130668251127533,9.698979780196258e-11,Downregulated
SLCO1C1,-1.7636096525429965,9.723197512554966e-11,Downregulated
FBXL2,-1.0659010971425316,9.864529047729194e-11,Downregulated
NIPAL1,1.4197877052914682,9.893868327647502e-11,Upregulated
SLC22A4,-1.8741091235213172,9.930708107194108e-11,Downregulated
CD1E,-2.126309011283994,9.959380021328733e-11,Downregulated
PRKX,1.2988183897881873,9.98036951175784e-11,Upregulated
FOXO4,-1.1321504241048492,1.0003317489337388e-10,Downregulated
HIC1,-1.3888366722116974,1.0151629530632251e-10,Downregulated
HTR1F,-1.2099328969417944,1.0162618537511801e-10,Downregulated
SYDE1,-1.1033244441395702,1.0192904154898328e-10,Downregulated
CCDC96,-1.4243484246781728,1.0234036043652331e-10,Downregulated
GBGT1,-1.1521615898285331,1.0327089616015595e-10,Downregulated
MROH9,-2.621297999266467,1.0329615972392232e-10,Downregulated
NEK5,-2.348832035807764,1.0393293528962958e-10,Downregulated
PTPRQ,-2.7060529130442097,1.0535115911915726e-10,Downregulated
KDM6B,-1.1068631739177697,1.0617777470749203e-10,Downregulated
HIST1H1B,1.952247271430929,1.0675281680147179e-10,Upregulated
SLC37A1,-1.0815719839785096,1.0753462049327718e-10,Downregulated
CARD18,3.26550517898141,1.0761051769187723e-10,Upregulated
PCSK1,1.837896907824601,1.0761051769187723e-10,Upregulated
PLIN2,-1.505882141735052,1.0844806928578528e-10,Downregulated
EIF4EBP3,-1.0799996899926487,1.0934561218977464e-10,Downregulated
WDR78,-1.894516789516267,1.0967238841968331e-10,Downregulated
SNX10,-1.199022388076617,1.1006905234367043e-10,Downregulated
APOC2,-2.2817636262026038,1.1122561845258451e-10,Downregulated
PDCD1LG2,-1.4449241486698936,1.131382255494902e-10,Downregulated
ENPP2,-1.8833305320630287,1.1346974196766572e-10,Downregulated
KIAA1984,-1.3925352885632147,1.1428154355359715e-10,Downregulated
AMT,-1.3127537123623505,1.1436807661463759e-10,Downregulated
KLK8,4.243703675322433,1.1501466655651532e-10,Upregulated
MALL,-1.8086314321312305,1.1502398069673452e-10,Downregulated
NDRG2,-1.315098681049422,1.155720499217242e-10,Downregulated
C18orf54,1.047821833220218,1.188032308986604e-10,Upregulated
CCDC42,-1.263233935110037,1.1987964440230762e-10,Downregulated
CEP152,1.0131426904073866,1.2007692568014315e-10,Upregulated
IRX2,-2.077871723257844,1.2091725099093129e-10,Downregulated
ASGR2,-1.3866384929042654,1.2114359593607234e-10,Downregulated
DYNLRB2,-2.851631817371098,1.2177436824871659e-10,Downregulated
SYNGR4,1.537202292708933,1.2219039065017172e-10,Upregulated
SYNPO2,-2.2470721220271805,1.2247503693621047e-10,Downregulated
CLU,-1.7758823131518398,1.2466826026681367e-10,Downregulated
EPHX1,-1.3423533045663767,1.2497035151968549e-10,Downregulated
ORM1,-3.176861213253113,1.2522627576846766e-10,Downregulated
SERPINI2,-2.241977068471317,1.2653645923977522e-10,Downregulated
KLHL32,-2.083023024537152,1.2691753808601251e-10,Downregulated
CCDC147,-2.1388506588607257,1.2710142725022905e-10,Downregulated
TSPAN8,-2.7915685924583693,1.2799402946294764e-10,Downregulated
TCTE1,-2.8730193250584284,1.2911529069405843e-10,Downregulated
C22orf15,-3.029264251862927,1.3008480130555132e-10,Downregulated
SLPI,-2.6131360766696723,1.3172334398329463e-10,Downregulated
RP11-162A12.2,-1.0141797415552831,1.3180807488779754e-10,Downregulated
CYP27B1,1.3168722872363077,1.3439737003020682e-10,Upregulated
RGMA,2.085293199775826,1.3493393477684458e-10,Upregulated
PYROXD2,-1.378853614417305,1.3559863019684802e-10,Downregulated
KLRK1,-1.8725308930205784,1.3574299850451948e-10,Downregulated
CACNG6,-3.272875026106073,1.3640093277159328e-10,Downregulated
OVOL3,1.7284920175513097,1.3716779081640067e-10,Upregulated
PADI1,2.4851310378792406,1.3839455367750968e-10,Upregulated
SBSN,4.675969895579545,1.3970485687949403e-10,Upregulated
PLEKHG4B,2.154695333351466,1.4021227238609874e-10,Upregulated
GRAP2,-1.6631046104641865,1.409070222464674e-10,Downregulated
TNFSF13B,-1.292744889294304,1.4113858873078267e-10,Downregulated
BRINP3,-2.1746586463341546,1.4236638620720607e-10,Downregulated
LRP8,1.5062508732045323,1.4349855450396646e-10,Upregulated
LRRC63,-1.4247849076969048,1.4660917442339048e-10,Downregulated
CYP27C1,2.2942321939337105,1.4783102786919854e-10,Upregulated
AMY1C,-3.6817831735541535,1.4850625380855562e-10,Downregulated
MAP3K19,-3.249873517083377,1.4915949257974468e-10,Downregulated
HYLS1,1.1425698828522464,1.4966493014935676e-10,Upregulated
FADS6,2.6047755140432822,1.5055984618102964e-10,Upregulated
CCDC17,-2.8088017389390414,1.5111684636023126e-10,Downregulated
PLN,-2.188987242557624,1.5268346067618276e-10,Downregulated
ENTPD1,-1.0713744440521396,1.531413553078837e-10,Downregulated
SERP2,-1.3882268556394726,1.5595383783246102e-10,Downregulated
RDH16,1.8149185940271533,1.5842909820309923e-10,Upregulated
HLA-DQB2,-1.918236576172,1.5850087362744754e-10,Downregulated
TRIB1,-1.4962753286417332,1.5856899565769068e-10,Downregulated
LCTL,1.2650771446736857,1.6050272276497999e-10,Upregulated
BHMT2,-1.70545400768661,1.6236768675018155e-10,Downregulated
C5orf46,3.292250842873937,1.62846302522187e-10,Upregulated
GPM6B,-1.550963748164592,1.6333990893380019e-10,Downregulated
IL18BP,-1.2974470946957035,1.6617336079109003e-10,Downregulated
RNF182,-2.253611066824502,1.662384977908526e-10,Downregulated
HID1,-1.2700001800728398,1.6693173764066095e-10,Downregulated
AOC2,-1.2682208636672263,1.672654835335007e-10,Downregulated
CCDC30,-1.4227619026196487,1.6782694997602323e-10,Downregulated
ICAM5,-1.9374257444301888,1.6880775786239635e-10,Downregulated
C1QL3,-1.289009835601285,1.6978845555209142e-10,Downregulated
CSF2RB,-1.8096351630436576,1.698183476502451e-10,Downregulated
EFEMP2,-1.1290195736475075,1.700142940153933e-10,Downregulated
KCNJ14,1.1562731988914918,1.7124894779298967e-10,Upregulated
FANCA,1.010195098113968,1.721017894265905e-10,Upregulated
CERKL,-1.3931542697336583,1.8078963436588524e-10,Downregulated
KLHL6,-1.6274469325218082,1.8169351361137692e-10,Downregulated
TFDP2,1.1499975122710353,1.8782721670428906e-10,Upregulated
ZNF660,-1.1684335998756303,1.8828995371997216e-10,Downregulated
WDR38,-3.814496058051427,1.905376683771652e-10,Downregulated
IL1RL2,1.599608847180369,1.9141067899829632e-10,Upregulated
ABCG1,-1.0831374556482238,1.9440526048882423e-10,Downregulated
ADAMTS9,-1.6311958905656263,1.9494824667737548e-10,Downregulated
KIAA1024,1.2865857085687282,1.9825247131863638e-10,Upregulated
MS4A6A,-1.4607839177305202,1.9887114166381646e-10,Downregulated
BATF2,-1.510184402253933,2.003777732956048e-10,Downregulated
RBBP8,1.1125472979395212,2.0146200382494528e-10,Upregulated
CASP1,-1.0829423361131614,2.0349463620021824e-10,Downregulated
HES2,2.133327100350061,2.0548220047907939e-10,Upregulated
CCR2,-1.9531231295233624,2.0904192927145843e-10,Downregulated
FAM49A,-1.3127525237708904,2.0990846662022647e-10,Downregulated
ME3,-1.4458998894169692,2.1180228272129883e-10,Downregulated
NR4A2,-2.153750769891458,2.1258814846040346e-10,Downregulated
FAM72A,1.0137279980860177,2.132041217524959e-10,Upregulated
AP000350.4,1.0260268192188375,2.133122308144801e-10,Upregulated
CCDC42B,-3.2837110230162905,2.1369757029784747e-10,Downregulated
COL1A1,2.3807845035503323,2.151950543198952e-10,Upregulated
GDPD2,2.637125629903319,2.1607071126279638e-10,Upregulated
IL31RA,1.950346117580941,2.161042880010268e-10,Upregulated
AHNAK,-1.170196307462728,2.1663141790254823e-10,Downregulated
GZMH,-2.1517466463810493,2.1821696723394124e-10,Downregulated
OTUB2,1.1518962290156285,2.1895947419308257e-10,Upregulated
CCDC135,-3.046191951782597,2.200089473752757e-10,Downregulated
ERAP2,-1.264700349487466,2.2341614853139022e-10,Downregulated
PPP1R3C,-1.8192147871277609,2.2420749592817727e-10,Downregulated
ALPK2,2.172669936605158,2.2584604572976038e-10,Upregulated
ELOVL6,1.3052951072685826,2.2863797780418048e-10,Upregulated
KRT7,-2.897649253244328,2.2910869067573e-10,Downregulated
DACT3,-1.4033393481883802,2.2939630520637118e-10,Downregulated
TTLL9,-2.0786815379157098,2.3032857543303759e-10,Downregulated
GPR183,-1.4123613621254805,2.3258870285571688e-10,Downregulated
CDH23,-1.5095848124090478,2.339119774017462e-10,Downregulated
C5AR2,-1.7772529971174889,2.3712159397522597e-10,Downregulated
FKBP1B,-1.2758715277328498,2.4095747254265964e-10,Downregulated
LRP12,1.0933285215842865,2.4311897114850057e-10,Upregulated
APOLD1,-1.8768561222483449,2.432002168885454e-10,Downregulated
FGF9,-2.06770786468604,2.451604278513616e-10,Downregulated
SOCS2,-1.7872562497882551,2.4583379425171667e-10,Downregulated
CLDN1,2.488824386015297,2.4651383029752457e-10,Upregulated
CYTH4,-1.2743029516271245,2.467752926474689e-10,Downregulated
ZNF844,-1.3856199812283352,2.477824742726279e-10,Downregulated
PLCH2,2.216478597550533,2.49605698904245e-10,Upregulated
CDC14A,-1.2742987535019594,2.5049803207027966e-10,Downregulated
CADM3,-2.33672148843636,2.5049803207027966e-10,Downregulated
HOXB13,3.293041805722436,2.5049803207027966e-10,Upregulated
FGGY,-1.2337256558480645,2.5274081700476156e-10,Downregulated
TP53I11,-1.064117366901554,2.538818674603811e-10,Downregulated
ENKD1,-1.0292184193885785,2.5693856823221927e-10,Downregulated
SHC2,-1.3343105368890402,2.5919573574785427e-10,Downregulated
RASAL3,-1.4066770767256882,2.623453380963284e-10,Downregulated
C16orf45,-1.3809786711407144,2.6267385458577115e-10,Downregulated
MACC1,-1.4433554664367945,2.6270729524348636e-10,Downregulated
HBG1,-2.513404543000764,2.699109989547441e-10,Downregulated
DUSP13,2.088722852772752,2.710684708607994e-10,Upregulated
MOB3B,-1.1651185063981666,2.7257532932450527e-10,Downregulated
FTL,-1.1535294131212837,2.7281838226127565e-10,Downregulated
TLL2,1.8262074167196625,2.7439215633443925e-10,Upregulated
MAG,-2.1515962463034533,2.756765018651189e-10,Downregulated
ODF3L2,-1.2242310042876428,2.8172417275418326e-10,Downregulated
PODNL1,1.5070439922368657,2.8267782815288315e-10,Upregulated
CACNA1C,-1.3201478988596476,2.8414643043618967e-10,Downregulated
RBKS,-1.1345128569184857,2.8722797758825e-10,Downregulated
BDH1,1.8421509433181475,2.8869190801975933e-10,Upregulated
CD80,-1.5349972558162843,2.9527985587209917e-10,Downregulated
LY6G6C,2.9933272929117325,2.9744294421669346e-10,Upregulated
EDNRA,-1.525882405582473,2.981578081978074e-10,Downregulated
TRNP1,-1.2958944002956407,3.0571928726601587e-10,Downregulated
CTNNAL1,-1.3174518004719538,3.0850570316579203e-10,Downregulated
CRCT1,3.8566379408107783,3.0854140114991576e-10,Upregulated
S100A3,-1.9384428170913013,3.1089425774716264e-10,Downregulated
RP5-966M1.6,-1.3331815780270275,3.1754595992075465e-10,Downregulated
HIST1H2AJ,2.257216237360917,3.177900963817359e-10,Upregulated
FHIT,-1.1496111596437515,3.177900963817359e-10,Downregulated
CAPS,-2.690991210928368,3.1890635773440944e-10,Downregulated
CLCA2,4.695306683359144,3.2111280835608746e-10,Upregulated
CCDC19,-2.2642828227173384,3.2372891743894824e-10,Downregulated
PPARGC1B,-1.0447207093724715,3.271756835343329e-10,Downregulated
UGT1A7,4.167376509836902,3.292583610005829e-10,Upregulated
PHOSPHO1,-1.7828517035409153,3.298962075004048e-10,Downregulated
FAM132A,2.1282349093359034,3.299530328619513e-10,Upregulated
IGF2BP2,1.8303962977666932,3.3263753234927737e-10,Upregulated
PTPRZ1,3.189975503517598,3.355396978715373e-10,Upregulated
MMP25,-1.4960562109073576,3.358028313970153e-10,Downregulated
ZFPM2,-1.5690910101397062,3.3593408075041595e-10,Downregulated
AP3B2,1.9728997550648808,3.38007340249648e-10,Upregulated
RAB3C,-1.7601136696145252,3.3817479601513604e-10,Downregulated
ITIH4,-1.290404209183758,3.3949035670701046e-10,Downregulated
CRIM1,-1.2037273113342837,3.398925606620172e-10,Downregulated
ISM2,2.4356758606251407,3.4227537322807475e-10,Upregulated
GOLGA8O,-1.5659207843732363,3.4326859021786337e-10,Downregulated
RTN4R,1.2825533840922825,3.452188687958778e-10,Upregulated
APOBEC4,-2.9826148491104565,3.4796802920567624e-10,Downregulated
ABCC1,1.243923350314974,3.4811302855794285e-10,Upregulated
LILRA3,-1.5662384376450973,3.5072911521771236e-10,Downregulated
FSD1,2.271501131744015,3.5097365115524707e-10,Upregulated
DYX1C1,-1.3774708327045555,3.5227927897212164e-10,Downregulated
KRT10,1.4482371355153507,3.5650725348157734e-10,Upregulated
FAP,1.5045151638701195,3.6515955255531934e-10,Upregulated
MILR1,-1.2250966862990742,3.6835734027437245e-10,Downregulated
KDELR3,1.0958817990181444,3.688235108477239e-10,Upregulated
CRLF2,-1.285248886923403,3.6887257458129946e-10,Downregulated
NPY4R,-1.9869797116105952,3.748423264869608e-10,Downregulated
FAM166B,-2.950036145734071,3.7521051992227126e-10,Downregulated
RALGAPA2,-1.205682895463359,3.7626213016988494e-10,Downregulated
JUN,-1.3639217928622376,3.86242244512422e-10,Downregulated
FEZF1,2.7428020012345407,3.8838031621256857e-10,Upregulated
CCDC81,-1.7202333563117622,3.9322571152679246e-10,Downregulated
AGAP2-AS1,1.109605594170275,3.9647631569939086e-10,Upregulated
CDKN1C,-1.454504887514509,3.9938862387316797e-10,Downregulated
SPTSSB,2.760478681575462,4.0082157360232616e-10,Upregulated
MMP9,2.307244379404443,4.020546519556554e-10,Upregulated
BIRC3,-1.6758793512506855,4.022018173142122e-10,Downregulated
TOR4A,-1.494136364710962,4.0510607915256217e-10,Downregulated
MT-CYB,-1.0380392074010665,4.1822248660524974e-10,Downregulated
RHOBTB1,-1.0254943095473763,4.2084499943629674e-10,Downregulated
AZGP1,-2.98248649261864,4.2321357432130144e-10,Downregulated
UNC5C,-1.4787914358134395,4.320913392953861e-10,Downregulated
RAB38,1.656460164933545,4.371802634856226e-10,Upregulated
NEIL1,-1.1811767078742816,4.371802634856226e-10,Downregulated
UGT1A10,4.383688872708419,4.3732236742223706e-10,Upregulated
LRRC6,-1.3572412688797266,4.379214880889039e-10,Downregulated
ITK,-1.825932744572872,4.3938562352807374e-10,Downregulated
C16orf74,2.0702210798751404,4.4348801115222574e-10,Upregulated
GLCCI1,-1.3035255438245654,4.437538725249559e-10,Downregulated
LIPN,-2.16679362283746,4.440602134057242e-10,Downregulated
ACPL2,1.089411080315319,4.46107213870518e-10,Upregulated
SLC25A27,-1.4337356053974863,4.4626416675914765e-10,Downregulated
GOLGA8M,-1.589132655365047,4.4918808846197914e-10,Downregulated
MBNL2,-1.0764716434643675,4.514337662466444e-10,Downregulated
SERPINF2,-1.6484550234827955,4.5402251192870117e-10,Downregulated
FAM154B,-2.2260757114668586,4.5432934723733904e-10,Downregulated
ANTXR2,-1.167646736929111,4.548377050438935e-10,Downregulated
SLC7A11,2.318745831317811,4.5634759700303964e-10,Upregulated
MORN5,-3.9440371717034086,4.5674465697915046e-10,Downregulated
ARMC3,-3.329925345957252,4.5795632283134596e-10,Downregulated
BEND7,-1.7737088650371249,4.5919217859300107e-10,Downregulated
MEGF10,2.2878885689715656,4.6255694936770605e-10,Upregulated
BRSK1,1.6505164453745076,4.635479954858039e-10,Upregulated
GDA,3.185354423993816,4.64471116522372e-10,Upregulated
PTPLA,-1.8966603840084035,4.671070842023457e-10,Downregulated
ZNF582,-1.283464465809999,4.698387389018077e-10,Downregulated
SPAG6,-3.480299508718292,4.699325304313353e-10,Downregulated
RASD1,-1.6611851201827257,4.701922093010023e-10,Downregulated
MMP10,4.254317184669301,4.730079309759781e-10,Upregulated
ATP10B,2.3591022332695704,4.791203963757062e-10,Upregulated
CD14,-1.1792168778676135,4.807316891286128e-10,Downregulated
TNIK,-1.4344959861581603,4.807316891286128e-10,Downregulated
CREB3L1,-1.6343181389276058,4.815894017965745e-10,Downregulated
GK,-1.2109749838653654,4.84883947281356e-10,Downregulated
TREM2,-1.728629133976833,4.908268105500466e-10,Downregulated
SPATA4,-2.6058013477906554,4.936857997439816e-10,Downregulated
DOCK10,-1.3935259447827422,4.942364461239703e-10,Downregulated
RERG,-1.7923637746058745,4.97070528921035e-10,Downregulated
ZDHHC11B,-2.018661384265463,4.979564415161783e-10,Downregulated
SLC7A2,-2.2347175954894603,5.009755199655838e-10,Downregulated
C1orf192,-2.388056566600973,5.012437522527874e-10,Downregulated
FRZB,-1.9534969099448816,5.06236414244521e-10,Downregulated
SAMD5,-1.5992510741080794,5.07430978183465e-10,Downregulated
MSI1,2.2758679501915977,5.159544056421582e-10,Upregulated
FAM171A2,1.615090834189739,5.19953108154865e-10,Upregulated
PDE4C,-1.814098446920502,5.218073747563671e-10,Downregulated
CDHR4,-3.5722061992541057,5.247244934731437e-10,Downregulated
DIRAS3,-1.9954089011855256,5.249305207131265e-10,Downregulated
SOX5,-1.4855903778910529,5.307150099614091e-10,Downregulated
CNNM1,1.9860687829988,5.338971702000387e-10,Upregulated
WISP1,1.7331396195064022,5.353128826781555e-10,Upregulated
C11orf52,-1.3262513118784778,5.439330518210718e-10,Downregulated
LCE3D,3.887964840372085,5.478014775734466e-10,Upregulated
LPPR3,-2.460404421814348,5.493530111201583e-10,Downregulated
GOLGA7B,-1.364872622379962,5.495689846392018e-10,Downregulated
ARHGAP24,-1.271366898827062,5.530976283523803e-10,Downregulated
STEAP1,1.7972491663042538,5.538022916240244e-10,Upregulated
WNT3A,-2.5299676421363326,5.579620935766911e-10,Downregulated
TMEM190,-3.9189018855373954,5.661013194402767e-10,Downregulated
SIX2,2.85509318801537,5.777122718298789e-10,Upregulated
hsa-mir-1199,-1.3708074302132918,5.81032390147908e-10,Downregulated
PI3,3.811958002364096,5.834037147789276e-10,Upregulated
NME9,-2.360809409557621,5.834801682428077e-10,Downregulated
PIK3R2,1.2539205709002583,5.929663153436868e-10,Upregulated
ANKS1B,-1.5674972183552949,5.99843395251746e-10,Downregulated
EPHB2,1.60236185515945,6.016720697262197e-10,Upregulated
LIX1L,-1.0931413844788809,6.123699595205551e-10,Downregulated
CAPN11,-1.0858399198800388,6.160678965471204e-10,Downregulated
LCNL1,-1.7103629148712236,6.163889757529395e-10,Downregulated
BTC,-1.786641604175497,6.192531318204502e-10,Downregulated
AC007405.2,-1.8726478700762363,6.200283297654874e-10,Downregulated
COL22A1,2.6526416606143512,6.236421133373567e-10,Upregulated
SELL,-1.849996317790028,6.23675145650916e-10,Downregulated
WTIP,-1.2347055479789644,6.244504648374052e-10,Downregulated
TRIM63,-1.902793827718258,6.251179261945222e-10,Downregulated
PGF,2.042939451760714,6.255359405278347e-10,Upregulated
PSG4,2.7374388775954106,6.270983647463797e-10,Upregulated
WIPF1,-1.062744053055967,6.27705734879151e-10,Downregulated
ATP2A1,1.559654681549957,6.325550303232626e-10,Upregulated
FUT2,1.8894424578834943,6.325550303232626e-10,Upregulated
C3orf36,-1.7507425875263043,6.325550303232626e-10,Downregulated
ESR1,-1.3339201458439458,6.3263064231635e-10,Downregulated
SLC47A1,-1.869605849224704,6.346627910916994e-10,Downregulated
REC8,-1.3423560455828607,6.397316863331304e-10,Downregulated
AGAP2,-1.1260567091525957,6.474118502397116e-10,Downregulated
ZSCAN18,-1.1119658313716574,6.532328276674479e-10,Downregulated
CD48,-1.64490776770727,6.554563614985271e-10,Downregulated
TEKT2,-3.173265865116231,6.575294710153503e-10,Downregulated
SCGB2A1,-2.8515636104225486,6.598630092199623e-10,Downregulated
IL27,-1.4900880028069796,6.609420376323608e-10,Downregulated
CBFA2T3,-1.4266999004435803,6.655731240434994e-10,Downregulated
BCL2A1,-1.843915362056638,6.662111435362978e-10,Downregulated
AMOTL2,-1.3149078176223783,6.741782372867072e-10,Downregulated
SPRY1,-1.433724834427764,6.763121306203685e-10,Downregulated
PCDHGA9,-1.4666930167366343,6.79314758376669e-10,Downregulated
C11orf63,-1.3829895432984929,6.844572026801109e-10,Downregulated
TMEM106A,-1.024511220984654,6.885665150566497e-10,Downregulated
COCH,2.549065480616995,6.973752195427583e-10,Upregulated
IGF2BP1,2.8860119857365847,7.016783577246237e-10,Upregulated
COL3A1,2.242745101848472,7.042832691442151e-10,Upregulated
ZNF467,-1.1511847539143654,7.147164345490528e-10,Downregulated
GP6,-1.5088865333705668,7.152927124938469e-10,Downregulated
SLC8A1,-1.569229905244966,7.280349349479242e-10,Downregulated
IGFBP3,1.8360778692624076,7.307375797472117e-10,Upregulated
CDR1,-1.394838651750418,7.345760814609331e-10,Downregulated
SLC1A6,3.50414371255406,7.35509079591307e-10,Upregulated
ARL9,1.8006083656723009,7.538905241443661e-10,Upregulated
PPP1R42,-3.0600423763825293,7.560484277689005e-10,Downregulated
MAGEA11,3.675867009728761,7.560572984921385e-10,Upregulated
PACSIN3,1.1035276880035685,7.562082718528729e-10,Upregulated
DNAI1,-3.3898847559839003,7.58451915482736e-10,Downregulated
FAM69C,2.5095121575966406,7.588496368009422e-10,Upregulated
HIST1H1D,2.233116338869608,7.625768448411115e-10,Upregulated
CCDC64,1.4694160578558575,7.629687415566589e-10,Upregulated
SP140,-1.3851116384593638,7.69727752068398e-10,Downregulated
MEGF9,-1.2003870822272926,7.730051325133308e-10,Downregulated
SOX21,2.9504339626212874,7.783978782374822e-10,Upregulated
BATF3,-1.3660807995588709,7.798698008695811e-10,Downregulated
TEPP,-1.7700918491615347,7.800062270092563e-10,Downregulated
KCNK9,2.175372026034229,7.922798965974635e-10,Upregulated
ORM2,-2.907206885191953,7.958156674123988e-10,Downregulated
KLF4,-1.5092145953543508,8.044948863388687e-10,Downregulated
CNTFR,-2.349331999099441,8.128909936819748e-10,Downregulated
PLXNA2,-1.2168645603241357,8.142654362371765e-10,Downregulated
CEBPD,-1.347059889575494,8.230444795452882e-10,Downregulated
HLA-DQA2,-1.9327101723479352,8.240643704013398e-10,Downregulated
RPH3A,-1.4078796452822009,8.244620351395485e-10,Downregulated
DGKI,2.0606286384689474,8.246816729994656e-10,Upregulated
B3GAT1,-1.302882154626027,8.272080302956906e-10,Downregulated
GPR85,-1.217426010470719,8.393641111041217e-10,Downregulated
IGFL2,3.2553093028030977,8.411877538582067e-10,Upregulated
TGFA,1.4717547821622148,8.492274074594212e-10,Upregulated
FAM92B,-3.4789347896932825,8.533669080225157e-10,Downregulated
CBLN4,-2.199006533028526,8.627434285718356e-10,Downregulated
LTB4R,1.2945055385782736,8.673624002907252e-10,Upregulated
SDK1,1.3227319759792202,8.682344046635524e-10,Upregulated
FAM69B,-1.5374598005023603,8.708075219216411e-10,Downregulated
MEX3B,1.3917236232872492,8.791771420984901e-10,Upregulated
TP73,2.102067070015136,8.813468234734028e-10,Upregulated
KCNN2,-1.605035308232154,8.832391820588946e-10,Downregulated
BTBD19,-1.252715993391992,9.004053727269726e-10,Downregulated
YPEL4,-1.1876395226615095,9.004053727269726e-10,Downregulated
TGFB1I1,-1.0556869453372215,9.037549916126701e-10,Downregulated
CMPK2,-1.1764782553837358,9.045319315339363e-10,Downregulated
HIST1H2AL,1.9200080253287912,9.066256424595435e-10,Upregulated
IER5L,1.168229953966514,9.152933654559735e-10,Upregulated
CDKN2A,2.8574481032615244,9.283131396558119e-10,Upregulated
LYPD6B,1.828643977451038,9.306822356593795e-10,Upregulated
ITGA6,1.380980771147362,9.316518217191971e-10,Upregulated
PROK2,-2.345762191782172,9.366038490775576e-10,Downregulated
ULBP3,1.1435550853650955,9.42684080384566e-10,Upregulated
ENAH,1.053332571748884,9.55872029876653e-10,Upregulated
GADD45G,-1.2835287267969502,9.582328666561791e-10,Downregulated
FBN2,2.876802018102197,9.628951692168958e-10,Upregulated
DAGLA,-1.115669291076367,9.65650193009702e-10,Downregulated
MYO15B,-1.6315685635372947,9.753856063448152e-10,Downregulated
PDZRN3,-1.3345105286205774,9.823030608294343e-10,Downregulated
MYOM1,-1.5175469758486937,9.886507255708286e-10,Downregulated
CD1D,-1.3937589004096225,9.96224469199589e-10,Downregulated
VAV1,-1.1113719958653432,9.967324113905852e-10,Downregulated
SLC35F2,1.1448955524977071,1.0203577420332875e-09,Upregulated
ACSM3,-1.8384307611764927,1.0374903463380336e-09,Downregulated
GSDMC,2.3529080617528084,1.0407727231684254e-09,Upregulated
C19orf57,1.2944690548323052,1.0523299777407552e-09,Upregulated
AK7,-1.9566786195324035,1.0702407933079974e-09,Downregulated
ENPP5,-1.5797674517573776,1.0776459699961116e-09,Downregulated
TMEM212,-3.241961484840573,1.081199793730721e-09,Downregulated
RGS9,-1.797125893296915,1.0846027680715563e-09,Downregulated
DCHS1,-1.4819496344724232,1.0865145153715658e-09,Downregulated
CTF1,-1.100586495966473,1.0986751917624351e-09,Downregulated
CLCNKB,-1.4913967850872891,1.1022273668451504e-09,Downregulated
ADAMDEC1,2.214906100772663,1.1065883462253678e-09,Upregulated
KIFC2,1.1154775103527363,1.1164278988392394e-09,Upregulated
CGB7,1.5413433066211044,1.131743359383992e-09,Upregulated
ICOS,-1.5444665404594282,1.131743359383992e-09,Downregulated
PRR5,1.0374414209651937,1.1332535236811706e-09,Upregulated
SRSF12,1.7545003845469416,1.143045301940022e-09,Upregulated
DTHD1,-2.3629653619447324,1.1464545105426635e-09,Downregulated
ZNF662,-1.6089201125619503,1.1565776461062342e-09,Downregulated
DGKD,-1.0307850951756885,1.1580984841998603e-09,Downregulated
LRRC46,-2.506663858082322,1.1581689224200671e-09,Downregulated
CHAC2,1.291974543082354,1.1616474821127274e-09,Upregulated
IL12RB2,2.07911520875127,1.170633309439669e-09,Upregulated
AKAP7,-1.1215844251380327,1.174425631062376e-09,Downregulated
IL7,-1.3295743362795855,1.178235815865388e-09,Downregulated
CTSE,-3.6105294902790215,1.1854237582179207e-09,Downregulated
HIST1H3D,2.2768935125527747,1.1925009847672702e-09,Upregulated
EML1,-1.4115659261842737,1.194266928841292e-09,Downregulated
CSF1R,-1.3756866455856471,1.2056702902890927e-09,Downregulated
OLAH,-1.911063823713985,1.216375295969328e-09,Downregulated
CCDC37,-2.999927911224268,1.2430200779222822e-09,Downregulated
KCNRG,-2.0724534862957054,1.2450408094749911e-09,Downregulated
TBX3,-1.284709805219881,1.2623149743044487e-09,Downregulated
FMNL3,-1.035296651948956,1.298616808021894e-09,Downregulated
C2orf48,1.581276462759862,1.315866923327881e-09,Upregulated
GAB1,-1.120784998509893,1.315866923327881e-09,Downregulated
MAFF,-1.220390197591774,1.3190383187347464e-09,Downregulated
C17orf97,-1.1711958165419445,1.3379007284924787e-09,Downregulated
HTR7,1.8663220806885656,1.3385165333025203e-09,Upregulated
NRARP,1.6264730763254756,1.3574348504762271e-09,Upregulated
CA13,-1.087667201933595,1.3657875970545643e-09,Downregulated
UGT1A6,3.817178179961665,1.3696557748286726e-09,Upregulated
TNNT2,-1.7376793200101286,1.3706409558521819e-09,Downregulated
LGALS2,-2.0194188775088757,1.3884965846006772e-09,Downregulated
UPK3BL,1.627645536158358,1.3903181975978475e-09,Upregulated
DUSP8,-1.387665017636146,1.4011657739658422e-09,Downregulated
MAML2,-1.084499805217794,1.4017697694559532e-09,Downregulated
CYP39A1,-1.5360673821472624,1.4037303366580964e-09,Downregulated
XG,2.381962109390063,1.413298303337128e-09,Upregulated
DPF1,2.053620198776243,1.4157635174212856e-09,Upregulated
MISP,-1.708228644566927,1.4282973535862336e-09,Downregulated
CHODL,2.1885476302212155,1.428984368559012e-09,Upregulated
PPFIA2,-1.2984827802140329,1.4338061429010262e-09,Downregulated
C6orf165,-1.487271112303712,1.4805365656559007e-09,Downregulated
NAT1,-1.1055092889358151,1.4805365656559007e-09,Downregulated
SULT1C2,-1.8902915943482623,1.4809421396629312e-09,Downregulated
VASN,-1.2356934405677862,1.4913970494406108e-09,Downregulated
BMP8A,1.7433990943770978,1.520126205689025e-09,Upregulated
DRD1,-1.7471140124439888,1.552966330082482e-09,Downregulated
RAB26,1.5787742501296274,1.5615852604986027e-09,Upregulated
PCDHB15,-1.159219948134422,1.5615852604986027e-09,Downregulated
LCE3E,3.2041673987241146,1.575096814088659e-09,Upregulated
S100A16,1.2292151998432743,1.620707718847278e-09,Upregulated
AC026740.1,1.283737664200315,1.6653204884588956e-09,Upregulated
LRRC10B,-2.908970494628377,1.6686102029096094e-09,Downregulated
PHKG1,-1.1333342569668885,1.6811126143204082e-09,Downregulated
SPATS1,-2.7157112416725164,1.6843500005956535e-09,Downregulated
PKP2,1.837232118996808,1.693793369819807e-09,Upregulated
LCE1C,3.043463704701237,1.7082210141099272e-09,Upregulated
CLUL1,-1.7811855502705836,1.7198495849106464e-09,Downregulated
ZBED2,-1.988600553875159,1.7346634471244476e-09,Downregulated
PARK2,-1.1540979301715146,1.7762520036560752e-09,Downregulated
CCL26,2.401587449422527,1.8125763891848867e-09,Upregulated
ZNF835,-1.7549653693896317,1.836141265581881e-09,Downregulated
WDR16,-3.2236039822540814,1.8703255935975637e-09,Downregulated
AC010547.9,-1.1039963197894425,1.885065479586685e-09,Downregulated
PANX2,1.717437224581591,1.9203703514027757e-09,Upregulated
RASL11A,-1.765881769607419,1.9251439739521188e-09,Downregulated
STAR,2.8954395167648723,1.9384491932724803e-09,Upregulated
GPR64,-1.86523812032243,1.972911191885231e-09,Downregulated
NKX2-5,3.0635474245736245,1.984281791803718e-09,Upregulated
SHANK2,-1.8762587491460485,2.006163568807445e-09,Downregulated
RUSC2,-1.0292296142631816,2.006163568807445e-09,Downregulated
AC079354.1,-2.785300751920653,2.0321984758111164e-09,Downregulated
KLF10,-1.107059886893616,2.0321984758111164e-09,Downregulated
NIPAL4,3.089635388351283,2.0321984758111164e-09,Upregulated
ECHDC3,-1.7409640459365692,2.0359350574792728e-09,Downregulated
HGD,-2.0107998299050016,2.0401140592813647e-09,Downregulated
C6orf201,-1.3590345581477237,2.040793881067846e-09,Downregulated
CCL21,-2.107845852324795,2.044135368917892e-09,Downregulated
GRM4,2.31447502875258,2.057458126458325e-09,Upregulated
C11orf16,-2.844846893340266,2.059423883098412e-09,Downregulated
VWA3B,-3.2537843987594157,2.066220344626724e-09,Downregulated
AC006547.14,-1.641911046387683,2.0667726382955233e-09,Downregulated
LYPD6,1.5640878884080769,2.0785414690643382e-09,Upregulated
MICAL2,-1.1435319725282724,2.0833781031521336e-09,Downregulated
ID3,-1.2643133728732767,2.1505881500248315e-09,Downregulated
C11orf88,-3.655816245512039,2.161110918182163e-09,Downregulated
TTC22,1.243936470444301,2.1695424004074223e-09,Upregulated
PACRG,-2.453115221523899,2.2051218118981884e-09,Downregulated
KLHL13,1.70115461916222,2.2135243380645023e-09,Upregulated
PDZRN4,-1.995390861233305,2.2322329056306903e-09,Downregulated
AC068987.1,1.345564897996936,2.242801660536325e-09,Upregulated
TNNT1,2.6258046595142543,2.249153885307322e-09,Upregulated
FLT3,-1.5630031341532802,2.2560705773780994e-09,Downregulated
TRPM8,1.6441057878575247,2.2667979815861463e-09,Upregulated
TSPAN2,-1.4521494254687817,2.2739858682152573e-09,Downregulated
TRIM16L,1.6992087637366105,2.2980448082294966e-09,Upregulated
SNRPN,-1.0774499872827263,2.3159070588660452e-09,Downregulated
IGFBP7,-1.279215690516656,2.3162631049373875e-09,Downregulated
KCNQ5,1.9490648853550248,2.3229995471887822e-09,Upregulated
GAS2,-1.670029684955379,2.3552742640387877e-09,Downregulated
MAGEA9B,4.217685445994303,2.383489996583313e-09,Upregulated
SLC9A4,2.378641405325676,2.4008831872874047e-09,Upregulated
TRABD2B,-1.5165476063075063,2.468593660474674e-09,Downregulated
IP6K3,-1.962685340377777,2.498558572127275e-09,Downregulated
XCL2,-1.754014779838467,2.517065930443499e-09,Downregulated
ECT2L,-2.6249597042696418,2.521607187168426e-09,Downregulated
C9orf116,-1.6713878905671793,2.549966257418977e-09,Downregulated
C2orf50,-2.259763366218234,2.558632985653659e-09,Downregulated
MRGPRF,-1.5747276488597857,2.560390516986335e-09,Downregulated
DNAH7,-2.2514905156285505,2.5680063308405773e-09,Downregulated
DYNC1I1,2.003959212533448,2.597226337026585e-09,Upregulated
C12orf54,3.038169060222656,2.612740392764001e-09,Upregulated
TTLL10,-2.569896620679072,2.6359302913489515e-09,Downregulated
ELMOD1,-1.479460522512181,2.640112058653185e-09,Downregulated
RNASE6,-1.3025455050094816,2.6456848501837063e-09,Downregulated
SAMD3,-1.7040265632860514,2.6712897475545904e-09,Downregulated
IQCD,-1.4023468980516451,2.741703658952866e-09,Downregulated
MYLIP,-1.0084294467260442,2.83611257296287e-09,Downregulated
SDC1,1.3296078321971745,2.850052130019142e-09,Upregulated
RSPH10B,-2.3507754915926573,2.866681747129591e-09,Downregulated
FAT1,1.117449859730682,2.868441694455947e-09,Upregulated
C21orf128,-2.64805662376732,2.869983207449837e-09,Downregulated
KIF12,-2.0456842955306502,2.8774067780326e-09,Downregulated
ARAP2,-1.033712388184978,2.883511133258206e-09,Downregulated
LPAR5,1.3133546799566034,2.895107533441914e-09,Upregulated
SRPX2,1.1698078483772845,2.959371926632453e-09,Upregulated
CCDC36,-1.062003360695238,3.015958569573526e-09,Downregulated
SCG5,1.704906537105333,3.024160793746529e-09,Upregulated
GPR124,-1.2003902860665638,3.044669172071423e-09,Downregulated
CPVL,-1.4782349851261536,3.0505359031265595e-09,Downregulated
GHRL,-1.6924926031971492,3.053657931490238e-09,Downregulated
AP000322.53,-1.8276316588655004,3.1112086839981783e-09,Downregulated
ZBBX,-3.208832219697057,3.11441735925504e-09,Downregulated
PLEK,-1.5445142366860836,3.1214812076158753e-09,Downregulated
EVA1C,-1.2764721165572794,3.1309420173367996e-09,Downregulated
GPAT2,-1.43983968372752,3.132437157497291e-09,Downregulated
GPR56,1.2047052436458952,3.142502193684362e-09,Upregulated
SLC6A14,-2.7779769114399926,3.1882008188356173e-09,Downregulated
CLCA4,3.0556719650063893,3.192669100970761e-09,Upregulated
HIST1H3H,1.578971146835796,3.2010814524192803e-09,Upregulated
LYN,-1.00862513133292,3.261782993025885e-09,Downregulated
RGL4,-1.7376538823828431,3.286658158385724e-09,Downregulated
LCA5,-1.0672791501507986,3.292647835629739e-09,Downregulated
CYP2C8,-1.3600873063489618,3.332800145668417e-09,Downregulated
TIPARP,-1.179606168948677,3.425833240574461e-09,Downregulated
ARMC4,-2.685276222766228,3.4485037715389347e-09,Downregulated
FPR3,-1.2778479652314632,3.465977893481125e-09,Downregulated
CCDC176,-1.0574463271931425,3.4817118625945463e-09,Downregulated
FBXO27,1.8317741332478832,3.505084389122538e-09,Upregulated
DKK3,-1.035686828695697,3.6084335593772764e-09,Downregulated
SEMA4G,-1.066472350409473,3.6087059525543312e-09,Downregulated
SAMD14,-1.386434885107355,3.626746889847874e-09,Downregulated
RBM12B-AS1,1.061380227293451,3.6844915021201483e-09,Upregulated
PRR26,-1.3474806148371794,3.702189569838287e-09,Downregulated
SLC6A2,2.1769572670235107,3.710710079915995e-09,Upregulated
WDR65,-2.149212603587543,3.831594468122238e-09,Downregulated
ZNF831,-1.5656054774973571,3.844125464544797e-09,Downregulated
ELFN2,-1.92621700034698,3.937143410373199e-09,Downregulated
RIMKLA,-1.6368731573603323,3.963432439730701e-09,Downregulated
PKD2L1,-1.937138800659302,3.978350511052314e-09,Downregulated
E2F3,1.124904997625097,3.978350511052314e-09,Upregulated
HMCN1,-1.4578494798494184,3.9847574119443485e-09,Downregulated
SULF2,1.462548510182847,4.0995823472591796e-09,Upregulated
MECOM,-1.5148942549055937,4.1635790145248795e-09,Downregulated
FKSG52,2.101789259307322,4.19211162931776e-09,Upregulated
ZNF365,-1.494806517129466,4.206436646373988e-09,Downregulated
RSPH10B2,-2.63770579268522,4.217756371302924e-09,Downregulated
TUFT1,1.2470629107353428,4.256843306674643e-09,Upregulated
SULT4A1,2.3454027700115443,4.311184293035232e-09,Upregulated
TMPRSS3,-2.0353185787776464,4.324331026062762e-09,Downregulated
LYPD1,2.008929149384443,4.36229382071422e-09,Upregulated
LDLRAD4,-1.4491937421221168,4.4145077623824616e-09,Downregulated
SMPD3,-1.5302855913105589,4.484753874292962e-09,Downregulated
TET1,1.3934420113168868,4.549554580852042e-09,Upregulated
GLIS2,-1.132744502923872,4.560165642343306e-09,Downregulated
CEL,2.53064841147281,4.6013687947222935e-09,Upregulated
AC011897.1,1.4958721516233346,4.609496869891923e-09,Upregulated
SPHK1,1.2817560827832963,4.646049628278801e-09,Upregulated
AREG,-1.9184359951706664,4.7257324889579994e-09,Downregulated
MEGF6,-1.1719639608441508,4.729209686189571e-09,Downregulated
RP11-126K1.2,1.0708045060940965,4.729209686189571e-09,Upregulated
APBB2,-1.07784207396275,4.8082204856051895e-09,Downregulated
PRODH,-1.741168624835474,4.8210241113158325e-09,Downregulated
FAM46C,-1.7427293547955085,4.8210241113158325e-09,Downregulated
GRIN2D,1.580819089978343,4.848900809409957e-09,Upregulated
ANKFN1,-1.9532168382822637,4.851556260764621e-09,Downregulated
PYHIN1,-1.6815681390868944,4.869113457558462e-09,Downregulated
SLC52A3,1.1813467729755711,4.888533147534117e-09,Upregulated
SLA2,-1.4305786868198265,4.9310798534963405e-09,Downregulated
LBX2,1.2279719604218902,5.025527240190523e-09,Upregulated
KRT13,3.889225668120327,5.076712669488656e-09,Upregulated
EDIL3,-1.3223589410488517,5.154925377456906e-09,Downregulated
STK32A,-1.620712529325889,5.313122409351995e-09,Downregulated
MAGIX,-1.0051223063716923,5.324547497515704e-09,Downregulated
CEP19,1.1868796667498156,5.6163921110425424e-09,Upregulated
SLC5A2,-1.4327016503942454,5.6163921110425424e-09,Downregulated
IRX1,-2.6374842659450475,5.7248457738601435e-09,Downregulated
ACN9,1.0098009265838552,5.7662660602380316e-09,Upregulated
CYP2F1,-3.412347156109797,5.994523228345895e-09,Downregulated
MYLK3,-1.552629839769497,6.045180003329324e-09,Downregulated
C1orf222,-2.803673954278572,6.092850104738711e-09,Downregulated
CHRNA10,-1.1286860940634034,6.102351284267571e-09,Downregulated
HOXB7,1.6119709609165227,6.132789451673539e-09,Upregulated
ATP2A3,-1.340587809957312,6.143092184314787e-09,Downregulated
MAGEA3,3.870429455736108,6.189964378687888e-09,Upregulated
FHL2,1.3943113944704957,6.242095499152337e-09,Upregulated
TEKT4,-2.3693343495873638,6.258272713911904e-09,Downregulated
DSEL,-1.2149352234729882,6.318192226127169e-09,Downregulated
PLXNC1,-1.053732809608979,6.328466319968319e-09,Downregulated
C17orf50,-1.2936656994516609,6.384476723919745e-09,Downregulated
DNAAF1,-2.72454083161577,6.453613992600378e-09,Downregulated
IER2,-1.0327446160448588,6.480550359861164e-09,Downregulated
MARCH10,-2.1800039465876,6.4806900406949674e-09,Downregulated
MUC15,-2.1270806672127014,6.5031643206863534e-09,Downregulated
NAV3,-1.083312604164978,6.534336843222984e-09,Downregulated
SYNPO2L,-1.8501276429978009,6.57230290346067e-09,Downregulated
GALNT15,-1.7398703938583129,6.5771131591620845e-09,Downregulated
NUTM2A,-1.1518768494924707,6.591026436846301e-09,Downregulated
NUPR1,-1.0798036218841514,6.595055753784374e-09,Downregulated
CCDC40,-1.3427958295791482,6.633519167877005e-09,Downregulated
F13A1,-1.3998033414471962,6.805713587896337e-09,Downregulated
HHEX,-1.261992772428746,6.84447247900066e-09,Downregulated
SLC6A11,2.455290904179142,6.8642428491252515e-09,Upregulated
THBD,-1.690186684178718,6.943562974410618e-09,Downregulated
ACOT11,1.1604012556516254,6.967371904722685e-09,Upregulated
RP11-451M19.3,-1.3071065445275185,6.982024003648534e-09,Downregulated
RGS16,-1.4768668291894222,7.0084186712636356e-09,Downregulated
RGS17,1.401257091369279,7.087174220414363e-09,Upregulated
ADA,1.36843049515657,7.1309576895791894e-09,Upregulated
HS6ST2,2.0813905476421937,7.151316136000799e-09,Upregulated
TMEM56,-1.412589654727837,7.1886800029505165e-09,Downregulated
RNF128,-1.8953153221494388,7.205835309080444e-09,Downregulated
SLC24A5,-1.576018048969866,7.220814918969254e-09,Downregulated
PRSS3,2.8401089899107554,7.248253741557192e-09,Upregulated
STAT4,-1.2578640283457831,7.2758701646900064e-09,Downregulated
KHDC1L,2.67657265644346,7.3013537927369975e-09,Upregulated
HBD,-2.051655572824352,7.315036348202447e-09,Downregulated
SOX7,-1.882332126615196,7.343430484231681e-09,Downregulated
SOWAHD,-1.385718512126167,7.347264378060981e-09,Downregulated
SYNC,-1.0964698672272857,7.347503513689405e-09,Downregulated
FOXF2,-1.2468667597209029,7.367289809633341e-09,Downregulated
ATP6V1C2,1.5935337135375551,7.486077433605708e-09,Upregulated
SPRY2,-1.211173723366672,7.500452964987987e-09,Downregulated
C6ORF165,-2.4502173195808536,7.546576898437228e-09,Downregulated
TMEM132D,-1.914915430482449,7.617078910576292e-09,Downregulated
CXXC11,-1.1228242470576009,7.633453568779578e-09,Downregulated
CNN3,-1.0249026319847625,7.668587883114264e-09,Downregulated
RFX8,1.4032176469960451,7.721085832366166e-09,Upregulated
MRAP,-1.739432146820771,7.774099859817779e-09,Downregulated
RNASE10,2.070757573243464,7.902926716609153e-09,Upregulated
GCAT,1.1052960016213156,7.920255025471451e-09,Upregulated
C2orf82,1.004235662554542,7.968243160106049e-09,Upregulated
ADAP1,-1.1776527424081484,8.16530403504396e-09,Downregulated
CA2,-1.6972487024791985,8.209068455155844e-09,Downregulated
GP1BA,-1.456010910974519,8.231340385061856e-09,Downregulated
FAM20A,-1.2047074555085473,8.246407632546252e-09,Downregulated
SYT11,-1.3099992407896588,8.28048269854284e-09,Downregulated
RIMS1,-1.4991241318729325,8.345755572576445e-09,Downregulated
TLL1,-1.6570143729772853,8.396075202027721e-09,Downregulated
GPR156,1.5525035192365624,8.440705906044659e-09,Upregulated
AIF1L,-1.2839264706313012,8.451170723544729e-09,Downregulated
ADAMTS14,1.570832635672609,8.566303082514788e-09,Upregulated
CCL4,-1.6488275450877072,8.632764739717909e-09,Downregulated
LSMEM2,-1.2461710955900434,8.635519460280699e-09,Downregulated
TXN,1.0017645820383336,8.644601826729122e-09,Upregulated
PIH1D2,-1.3621313653665723,8.700946346198097e-09,Downregulated
SGCD,-1.2011485007188003,8.724292184478612e-09,Downregulated
SIDT1,-1.3570618793127096,8.750368900429471e-09,Downregulated
VSTM2L,-2.041980096366568,8.772534545516107e-09,Downregulated
SYN3,-1.8351697387470864,8.832586042570176e-09,Downregulated
IFIT1,-1.4619645523867355,8.858010397729112e-09,Downregulated
CAPSL,-3.410883342956373,8.967531530772566e-09,Downregulated
EXPH5,-1.1009755661769658,9.064475784487332e-09,Downregulated
HIST3H2A,1.9415982672388896,9.09371810163306e-09,Upregulated
GDPD5,-1.1701960891880605,9.203519563320381e-09,Downregulated
MAP7D2,2.262288000425305,9.292161051906051e-09,Upregulated
TNFRSF21,1.1149020067191842,9.588449755353169e-09,Upregulated
TNFRSF25,1.2880298399251977,9.600504133033852e-09,Upregulated
ZNF439,-1.0443080033157273,9.83813021240982e-09,Downregulated
PPEF1,1.375462497646205,9.85710716404744e-09,Upregulated
CASP14,3.148759702978934,9.980994418585992e-09,Upregulated
KRT19,1.4325490115504085,1.015294247938467e-08,Upregulated
ITGA7,-1.158029984616685,1.0300027914475151e-08,Downregulated
ITGA11,1.8868418661453248,1.0759033517307414e-08,Upregulated
TNFSF15,-1.3212183824641892,1.0791761301250484e-08,Downregulated
CAPN14,1.523210657633061,1.0928390168300114e-08,Upregulated
ASPHD2,1.064679496389051,1.0944901649998644e-08,Upregulated
VNN3,-2.174930595643013,1.0962185055651668e-08,Downregulated
OVCH1-AS1,-1.3889745362902253,1.0962185055651668e-08,Downregulated
CHN2,-1.3523785085166224,1.1019779934966392e-08,Downregulated
MPO,-1.4761106603361518,1.1068652424940377e-08,Downregulated
WDR49,-2.2541556048273703,1.1341698597716009e-08,Downregulated
KLHL29,-1.2546724443201,1.1354253676828142e-08,Downregulated
SUSD4,1.7623647165394989,1.147872567536329e-08,Upregulated
LHFPL1,1.8068347226386077,1.161416885369802e-08,Upregulated
CYP26A1,3.0994256848970805,1.1725744562613329e-08,Upregulated
MYO3B,1.811289276167984,1.1740329876801757e-08,Upregulated
FAM117B,1.0111809883753589,1.1789508240760616e-08,Upregulated
CXCL14,2.8872567064362062,1.208521650664757e-08,Upregulated
HPCA,1.561272190272862,1.2194398828875e-08,Upregulated
SLC27A6,-2.25100846696321,1.2487684365764231e-08,Downregulated
C21orf49,-1.0552246841021788,1.2527997843994654e-08,Downregulated
ADRA1D,-2.152204614477537,1.2662713658247465e-08,Downregulated
S1PR5,1.744133477301821,1.2691632826305324e-08,Upregulated
IL18R1,-1.523372195252627,1.2751053609627524e-08,Downregulated
USP2,-1.3647204194085925,1.2769813416179545e-08,Downregulated
KIFC3,-1.0033320430735433,1.2914906420423448e-08,Downregulated
PRTN3,-1.9534503646426928,1.2914906420423448e-08,Downregulated
CPT1B,1.103921051422235,1.2955730443240568e-08,Upregulated
CA8,-2.027271525339252,1.2985961230642989e-08,Downregulated
GOLGA8R,-1.490796836490888,1.2991784990353998e-08,Downregulated
TAGLN,-1.2772550154331572,1.3063558700357652e-08,Downregulated
SEPT5,1.0374506083912944,1.3162173730374236e-08,Upregulated
LRRIQ1,-2.18442083936606,1.3192398576911408e-08,Downregulated
PLD4,-1.5483297035684125,1.3254847648841144e-08,Downregulated
ICAM3,-1.0548983017674605,1.3327856887459409e-08,Downregulated
KLRC1,-1.4455161495695967,1.3347874112185448e-08,Downregulated
LURAP1L,-1.3739173536601097,1.3371246111574762e-08,Downregulated
IL6,-2.6204039456647905,1.3447867882536594e-08,Downregulated
VAX2,1.6531929127060647,1.3666176582054305e-08,Upregulated
CRHBP,-1.3630847783467437,1.3687040999368405e-08,Downregulated
AC002472.13,-2.3477197070572915,1.4210781579177926e-08,Downregulated
NFKBID,-1.0170632889210172,1.4215212065798805e-08,Downregulated
LCA5L,-1.0327140928676304,1.425499248950064e-08,Downregulated
PIK3R6,-1.1149440032807592,1.4328659960525669e-08,Downregulated
NBL1,-1.079020243710055,1.4382769666196584e-08,Downregulated
CCDC169,1.7674276056659963,1.4409532221990669e-08,Upregulated
DMRT3,2.549861390815391,1.4437420527771705e-08,Upregulated
STEAP1B,2.079047800029863,1.4564708118854429e-08,Upregulated
C4orf22,-2.936707626285717,1.4601465948037947e-08,Downregulated
CPA4,2.630733666365644,1.4610968321381953e-08,Upregulated
GAP43,2.412643190844268,1.4740428271543393e-08,Upregulated
EML6,1.230192427140122,1.496491933207511e-08,Upregulated
RNF43,1.0148923382598616,1.499263927484459e-08,Upregulated
EMILIN2,-1.0966641742820205,1.5412819165770293e-08,Downregulated
DKFZP779J2370,-1.757709979476732,1.5651681294608072e-08,Downregulated
ZNF620,-1.0993974208805168,1.5700566778404647e-08,Downregulated
RP11-793H13.10,-1.059806692809337,1.580120299752146e-08,Downregulated
LRRC4C,-1.4328821693152791,1.5813509897833044e-08,Downregulated
SORCS2,-1.8055826820097776,1.594690120458645e-08,Downregulated
FHDC1,-1.2507980722446606,1.607427593643065e-08,Downregulated
NPAS2,1.2754794747126263,1.6258620999407132e-08,Upregulated
WFDC6,-2.7099029090006894,1.6258620999407132e-08,Downregulated
PVRL3,-1.4780528803533608,1.6258620999407132e-08,Downregulated
SOHLH1,3.1365922985133485,1.6396936536388763e-08,Upregulated
MARCKSL1,1.305098174297207,1.6513648157927296e-08,Upregulated
C20orf26,-2.0503641434305853,1.6513648157927296e-08,Downregulated
GPR171,-1.9171966468915809,1.67612109325137e-08,Downregulated
TTC34,-1.2251805138838896,1.6768557630508427e-08,Downregulated
ABCC8,-2.461890717108772,1.6888327203249077e-08,Downregulated
SERPINB12,2.800878799579196,1.7091175436576762e-08,Upregulated
MSMO1,-1.0272540100974066,1.7135031118569688e-08,Downregulated
ANO3,-1.3499672384907466,1.7201488893004433e-08,Downregulated
PPP1R3G,1.335878221393151,1.7234975427883773e-08,Upregulated
PCDHB7,-1.1562288354123431,1.7291483788934128e-08,Downregulated
COL14A1,-1.7656822001497223,1.7465932170853977e-08,Downregulated
TGFB2,-1.712395926205576,1.762468237209245e-08,Downregulated
HS3ST2,-1.9186301690467664,1.7740027510329093e-08,Downregulated
LGALS9,-1.1860787995690265,1.7856268002778954e-08,Downregulated
C2CD4B,-2.166725503059656,1.806340598850086e-08,Downregulated
PTGDR,-1.3699613929437566,1.8177052886950233e-08,Downregulated
IL2RG,-1.3992162952877756,1.8370478211441435e-08,Downregulated
IKBKE,1.0503878658965524,1.8635684242980123e-08,Upregulated
XAGE2B,-3.074382864755337,1.931300392175792e-08,Downregulated
RCAN1,-1.2409759887500833,1.9380308822846025e-08,Downregulated
DPYS,-1.9051494884757532,1.9557724789745472e-08,Downregulated
CCDC33,-2.818987586469685,2.0054659991008137e-08,Downregulated
MS4A3,-1.6346571671911143,2.0380242810578518e-08,Downregulated
ADAMTS10,-1.2696046106693242,2.0384398985975504e-08,Downregulated
CDSN,2.9817633767116503,2.0611744179510105e-08,Upregulated
SLC1A2,-1.1804113607529936,2.1055123787448532e-08,Downregulated
ANKRD55,-1.4402635987534842,2.1220057334895373e-08,Downregulated
DDX43,-1.8224986665717144,2.129365904366232e-08,Downregulated
DNAH10OS,-1.1376715662829726,2.1496439135639168e-08,Downregulated
DMC1,1.6440261036728172,2.1644423235170132e-08,Upregulated
FETUB,3.339034068740736,2.1957747335956672e-08,Upregulated
TMEM108,-1.7395532501454962,2.1968322518669682e-08,Downregulated
ENKUR,-2.483118935267484,2.2121579450488755e-08,Downregulated
MYO1A,-1.333759893029221,2.250445678734631e-08,Downregulated
EFCAB10,-2.072469576456024,2.287288240125553e-08,Downregulated
C10orf55,1.2725449952353447,2.290811247633018e-08,Upregulated
IGSF1,1.710380723139977,2.295477047718703e-08,Upregulated
S1PR2,-1.0074569116304088,2.303891325150134e-08,Downregulated
DUOXA1,-1.819610774582644,2.319823032164125e-08,Downregulated
RIPK4,1.001767629374827,2.3213456151261053e-08,Upregulated
CLDN2,-1.9800850197286888,2.3246368695677265e-08,Downregulated
PCDHA13,-1.5148160894091187,2.325636383348513e-08,Downregulated
C1orf95,-1.3010616566229265,2.3582598182087213e-08,Downregulated
OVGP1,-1.0567318111941724,2.3591225854603825e-08,Downregulated
ZNF471,-1.289670138832955,2.37874252094452e-08,Downregulated
GDF15,-1.895872201111924,2.446678376746409e-08,Downregulated
TMEM229B,-1.1766671762741874,2.4664524225977792e-08,Downregulated
IGSF3,1.173526872115195,2.4889295644975087e-08,Upregulated
KIF21B,-1.19646926807596,2.4926383982080943e-08,Downregulated
SEC14L2,1.0872451722411585,2.4975635417992106e-08,Upregulated
C1orf101,-1.0106564988989124,2.502324358269508e-08,Downregulated
HLTF,1.0990207152980735,2.5160595941801143e-08,Upregulated
CLEC7A,-1.268631110465389,2.5227619731649332e-08,Downregulated
CHGB,2.0187400503971533,2.5415225496516928e-08,Upregulated
PDLIM4,1.3825457352049106,2.5502050082952952e-08,Upregulated
TMIE,-1.264473319956148,2.5528217134209424e-08,Downregulated
HIST1H1E,1.7802471499746877,2.5749613469062254e-08,Upregulated
SNAI1,-1.1380446085429776,2.57940263367476e-08,Downregulated
SNX31,2.527294297699423,2.5811894316860125e-08,Upregulated
RIC3,-1.846138233135055,2.62171743087422e-08,Downregulated
TMEM71,-1.1992422814221682,2.6337878052538497e-08,Downregulated
C1orf141,-2.218661464423868,2.6403385125546018e-08,Downregulated
PCDH19,2.580068564852807,2.6450153189559903e-08,Upregulated
PTGES,1.8009780628403125,2.6786952587506315e-08,Upregulated
ETS2,-1.026863083074561,2.678744587801489e-08,Downregulated
SPRR2F,3.514458072832141,2.683972237504301e-08,Upregulated
AC005003.1,1.040780098224733,2.68987983023402e-08,Upregulated
KIF26A,-1.4013937410181727,2.77956001149335e-08,Downregulated
STRIP2,1.090515208238962,2.8456203348901314e-08,Upregulated
ZNF750,1.9880403252112044,2.8599314195211952e-08,Upregulated
IL17RB,-1.376487625030113,2.9339290877853282e-08,Downregulated
BARD1,1.0494041417044144,2.9350526490368834e-08,Upregulated
ACRBP,-1.2543181344154508,2.9433797459972916e-08,Downregulated
CCDC178,-2.329256721986629,3.0207072380308585e-08,Downregulated
ZNF474,-1.952251066905322,3.055909623763478e-08,Downregulated
AC008443.1,2.476381629613104,3.063114324968476e-08,Upregulated
TSPAN18,-1.3717793261354494,3.074411865451144e-08,Downregulated
ENTPD2,1.6676710093969538,3.0755047252879924e-08,Upregulated
CYTL1,-1.7323763605875344,3.0794515437945666e-08,Downregulated
ARRDC5,-1.0434770628914154,3.1013269872465215e-08,Downregulated
KLHL4,-1.653903596605895,3.129141081928497e-08,Downregulated
PTGER1,-1.5340707284352262,3.1346293436818913e-08,Downregulated
BAI2,1.6137180593906546,3.140159159150473e-08,Upregulated
HIST1H4J,1.2249119942383755,3.14088285736995e-08,Upregulated
C7orf63,-1.0778510327746096,3.1425918702552764e-08,Downregulated
GUCY1A3,-1.0896045312052005,3.1532977148784214e-08,Downregulated
CORO1A,-1.2301951616385285,3.2005659256430784e-08,Downregulated
PDE4B,-1.4231528218494338,3.2078916823808236e-08,Downregulated
FCAR,-1.876796227338068,3.2152616686633885e-08,Downregulated
ALDOC,1.040785266181384,3.2528315324642645e-08,Upregulated
CDHR1,2.066321226617933,3.2531667920351384e-08,Upregulated
PSAPL1,-1.4712584868373255,3.302751566301362e-08,Downregulated
PI15,1.98351548315308,3.3027860068764886e-08,Upregulated
C2orf74,-1.2694089195005995,3.3389388341645015e-08,Downregulated
TSPAN19,-3.2707459089872115,3.3486608525601925e-08,Downregulated
HELT,-2.069952645712058,3.420045382069636e-08,Downregulated
TSNAXIP1,-1.660222835802628,3.425628061713092e-08,Downregulated
YPEL1,-1.480297967834857,3.441462673098682e-08,Downregulated
RIMS4,-1.7966775018054504,3.456025833234022e-08,Downregulated
CD274,-1.3207882940223694,3.464367919500228e-08,Downregulated
TMEM145,1.501678856374638,3.498590752766096e-08,Upregulated
RTN4RL1,-1.5183895088355648,3.57877862708616e-08,Downregulated
STAP1,-1.5067782631259368,3.59460709263334e-08,Downregulated
OTOA,-1.3290248305564196,3.6360285866132194e-08,Downregulated
NPW,2.1063198052036696,3.683391082661132e-08,Upregulated
TBX18,2.4314341397242663,3.7012243430667565e-08,Upregulated
RASEF,-1.4070471566643272,3.7358657896426e-08,Downregulated
ZNF454,-1.1446289334046478,3.7520537432636296e-08,Downregulated
ELF5,-2.432286245023186,3.7572765237353286e-08,Downregulated
CD109,1.2503943528836334,3.7612573641236976e-08,Upregulated
ZNF273,1.024904239040889,3.7701717701183166e-08,Upregulated
PRKG2,-1.59339185511861,3.784223802927953e-08,Downregulated
C7orf57,-2.2352295914248828,3.790947494289403e-08,Downregulated
AC104667.3,-1.479461763285744,3.830983884200127e-08,Downregulated
NFIB,-1.1374502942735454,3.8514090124412165e-08,Downregulated
XAF1,-1.0639205517543235,3.899575920332247e-08,Downregulated
FAM198A,-1.370851532188082,3.9077939720799334e-08,Downregulated
ABCD2,-1.1935165388542637,3.9881740434040384e-08,Downregulated
ZBTB12,1.0311614331436525,4.01816970929085e-08,Upregulated
WFDC5,2.9055631839331744,4.0322290154096954e-08,Upregulated
S100Z,-1.19659204526302,4.054058929587741e-08,Downregulated
BDNF,-1.98770207294746,4.1027260088926175e-08,Downregulated
CAPN13,-2.052214280014171,4.1195737104328095e-08,Downregulated
CLEC2L,2.601266796327367,4.1267016463974896e-08,Upregulated
AKAP6,-1.2709890851599497,4.141317461853036e-08,Downregulated
CCL24,-2.4111888331843216,4.1590667405856487e-08,Downregulated
VPS37D,1.165349889993606,4.194109967887575e-08,Upregulated
MAGEA6,3.687965957035504,4.231684220565896e-08,Upregulated
LHX9,-1.9968423386935044,4.2695313032053576e-08,Downregulated
FZD9,1.4213112741310607,4.3856115424804215e-08,Upregulated
ARSE,-1.751128727485515,4.4589071464439305e-08,Downregulated
RP11-368I7.4,-1.8230508686043985,4.540562102670758e-08,Downregulated
ULBP2,1.4967013635024546,4.635832641723759e-08,Upregulated
FKBP10,1.2990202119953178,4.66869650961875e-08,Upregulated
CACHD1,-1.0800144650657444,4.6986332912544786e-08,Downregulated
ASB4,-1.5564274096438009,4.715641913899256e-08,Downregulated
STC2,1.2843293287823734,4.7168614987968324e-08,Upregulated
KIT,-1.9523400890359504,4.7186239985328926e-08,Downregulated
ADCY8,-2.2604556591310585,4.7426234151975226e-08,Downregulated
CTB-58E17.5,1.2855065923432627,4.7683118469189604e-08,Upregulated
HPD,-2.0232429955467786,4.780038957033962e-08,Downregulated
CYP21A2,-1.3394160051609867,4.781951272339487e-08,Downregulated
C17orf99,2.161717441303278,4.8434596315723584e-08,Upregulated
OLIG1,-1.9137776666784,4.9042299104903855e-08,Downregulated
PATL2,-1.2438674121125377,4.9882330494844816e-08,Downregulated
CALB1,2.8574994022180475,5.044231920267204e-08,Upregulated
HOXA2,-1.2200604483680402,5.0483797363057256e-08,Downregulated
MGAM,-1.6917122990101143,5.075976959491608e-08,Downregulated
RPL22L1,1.240391177176523,5.17178359414334e-08,Upregulated
CRABP1,3.188532528408963,5.184887947979896e-08,Upregulated
ZNF521,-1.3563256623216242,5.184887947979896e-08,Downregulated
RP11-514P8.7,-1.3621343185207344,5.244152367609802e-08,Downregulated
TBX6,1.056661275516258,5.2705635501249946e-08,Upregulated
KIF7,1.0574686421227968,5.2723834590717286e-08,Upregulated
ITGA4,-1.1135302862598886,5.27862301569905e-08,Downregulated
IFLTD1,-2.3299456755487515,5.310886344396637e-08,Downregulated
TRAPPC3L,-1.2371136236234246,5.3454769751169974e-08,Downregulated
RHOF,-1.2109747472459436,5.395930747734101e-08,Downregulated
RUNDC3B,-1.6533116089617672,5.461159187549706e-08,Downregulated
DIO1,-1.5840555275568795,5.4812390040535086e-08,Downregulated
ZNF541,-1.325010766431086,5.6145656140463277e-08,Downregulated
NEB,1.379015396351396,5.737910734548021e-08,Upregulated
WNT9A,-1.4763704231985626,5.742736249743397e-08,Downregulated
SCAMP5,1.140184780336006,5.7493100902605994e-08,Upregulated
PPAPDC3,-1.0898207491449965,5.758937804911136e-08,Downregulated
LSP1,-1.1858829373950537,5.76406503322761e-08,Downregulated
KCNMB2,-1.4136931149565202,5.7709978771803966e-08,Downregulated
SLC13A5,2.110344593489684,5.7743743246906165e-08,Upregulated
SOX9,1.6023519287600525,5.8711518042351345e-08,Upregulated
AQP3,-2.0276481006942024,5.8808151728434185e-08,Downregulated
SOHLH2,1.5333781962350084,5.9200669138122836e-08,Upregulated
SRCRB4D,1.039009804638395,5.9246753218617065e-08,Upregulated
SLC16A8,1.390025451323,5.925680802573926e-08,Upregulated
DNM1,1.2045273460093453,5.96323041287823e-08,Upregulated
REEP1,-1.696720137417925,6.005769282836266e-08,Downregulated
TNFSF11,1.73213767843518,6.044665166754336e-08,Upregulated
ZNF804A,-1.2281506280280108,6.053108198563172e-08,Downregulated
RP11-122A3.2,-1.4372108357161597,6.054167656819735e-08,Downregulated
SOSTDC1,-2.6461472462624105,6.103402688976505e-08,Downregulated
IGJ,-2.0745140768328127,6.104701920062733e-08,Downregulated
SPRR2B,3.401257404546625,6.22645820058286e-08,Upregulated
CRB1,-1.329452061991528,6.307157903074812e-08,Downregulated
MCIDAS,1.757883472381923,6.323126564830025e-08,Upregulated
HIST2H2AA3,1.0733433010151971,6.381607089485899e-08,Upregulated
CYSLTR2,-1.1547675909756363,6.483790138534259e-08,Downregulated
G0S2,-1.7258836133278557,6.534875370947219e-08,Downregulated
DNAH14,1.2570395950772475,6.539713827137723e-08,Upregulated
DRC1,-2.758401061875372,6.639662087176511e-08,Downregulated
SEMA6A,-1.6068475158919169,6.657138968331674e-08,Downregulated
LILRA4,-1.5833353284756884,6.668692089737592e-08,Downregulated
AMY1A,-1.8418487259454952,6.679325903895762e-08,Downregulated
NAP1L5,-1.1988284029100456,6.776448916335758e-08,Downregulated
RGS9BP,-1.2443940956287791,6.813628126853194e-08,Downregulated
PDZD4,-1.436695787874493,6.866820812199171e-08,Downregulated
C5orf38,-1.693548580071773,6.876133475693405e-08,Downregulated
SYT7,1.3917503416909067,6.879295521115864e-08,Upregulated
ZNF626,-1.3396419876657202,6.889965806864056e-08,Downregulated
AIM2,1.5973052728973212,6.933894721380847e-08,Upregulated
CEBPE,-1.3079290208097,6.957527261022864e-08,Downregulated
FAM83E,-1.4276536785406382,7.106219301479596e-08,Downregulated
KCTD19,-1.3510878174752206,7.13753468171285e-08,Downregulated
CLIC6,-1.886115641882328,7.184802635539779e-08,Downregulated
AP000295.9,-1.342196251349061,7.21093284288381e-08,Downregulated
MCF2L2,1.3660392110068438,7.326839173265746e-08,Upregulated
AL953854.2,-1.35848987971994,7.37086730695855e-08,Downregulated
MCAM,-1.099607608490059,7.37684992750827e-08,Downregulated
CBR3,1.36312607521326,7.397459287117504e-08,Upregulated
PCDH10,-1.532207216777592,7.432180412977712e-08,Downregulated
PRICKLE1,-1.2258976674503297,7.482447751608475e-08,Downregulated
ARID5A,-1.134902226004444,7.486497533257771e-08,Downregulated
MYO15A,-1.0490651224145502,7.512501930232964e-08,Downregulated
ADAD2,1.7462250410034637,7.51766756818031e-08,Upregulated
EPPIN,-2.0637789947296565,7.577718683059265e-08,Downregulated
BASP1,1.365883983414653,7.597681359126358e-08,Upregulated
CX3CL1,-1.310392083310095,7.680456917846115e-08,Downregulated
CCL18,-1.8966643321164456,7.738323866582429e-08,Downregulated
HOXD1,-1.5486026918177034,7.769220905918241e-08,Downregulated
FAAH,-1.2019410903440295,7.778232112016868e-08,Downregulated
RUNDC3A,1.6025809215599305,7.793271259004895e-08,Upregulated
FAM101A,1.6042090613727966,7.890789690997897e-08,Upregulated
CTD-2547L24.3,-1.1792049964615572,7.89513863925017e-08,Downregulated
HEPH,-1.0537262055888703,7.94419709546152e-08,Downregulated
TENM2,2.780296220363326,7.956628607233954e-08,Upregulated
KIF24,1.3081987611040802,8.002256362057852e-08,Upregulated
CYP24A1,2.842146103455512,8.037911695472248e-08,Upregulated
AC026703.1,-1.695669807796957,8.113672707472536e-08,Downregulated
THRB,-1.04882047384981,8.171761610645252e-08,Downregulated
FBN3,-2.125322877846864,8.20569958117145e-08,Downregulated
GLYATL2,2.621053831743853,8.247386075676758e-08,Upregulated
LDLRAD3,1.0711833153213064,8.252154542125923e-08,Upregulated
TMEM231,-1.2572480136657198,8.462434226941769e-08,Downregulated
KRTDAP,3.535498656704078,8.462434226941769e-08,Upregulated
P2RY8,-1.3341226524477,8.56473019699863e-08,Downregulated
TRIM55,-1.3055170814440755,8.904468273224238e-08,Downregulated
SLC6A1,-1.113487123077499,8.950845606836875e-08,Downregulated
RP11-796G6.2,-1.1367248752192038,9.050532894906402e-08,Downregulated
HSD17B14,-1.1290164144194916,9.114863218850899e-08,Downregulated
KRT81,1.7654030021249594,9.162803327503684e-08,Upregulated
ISL2,1.4971784814954732,9.180859599681405e-08,Upregulated
CORO7-PAM16,-1.1638028439990873,9.2264782542439e-08,Downregulated
GSTA2,-3.328336586045869,9.307240483518025e-08,Downregulated
MEGF11,-2.073894022998633,9.440716673716013e-08,Downregulated
CDH10,-1.4294500477776697,9.601144345133865e-08,Downregulated
NBEA,-1.3047081185562028,9.667123015532929e-08,Downregulated
HCN2,1.1908161207487784,9.673985554238617e-08,Upregulated
TRIB3,1.1386259335155575,9.78229295773408e-08,Upregulated
TNFRSF10D,-1.6427236450855691,9.906343101155397e-08,Downregulated
NKG2-E,-1.6741160582949313,9.915166350480488e-08,Downregulated
NRTN,1.1662843634404867,9.915166350480488e-08,Upregulated
HIVEP3,-1.0133286999605433,1.0111325214907442e-07,Downregulated
PRSS27,1.52884168785428,1.0178944584361093e-07,Upregulated
KCND2,1.335040026096442,1.0323555427112363e-07,Upregulated
PCDHA11,-1.5002701792875128,1.0470429263740177e-07,Downregulated
GKAP1,-1.0068677129555257,1.0470429263740177e-07,Downregulated
TBC1D26,-1.7232806421635742,1.0474902932582617e-07,Downregulated
IL17D,-1.1335395710804796,1.0573002247779093e-07,Downregulated
DYDC1,-2.0749866826706045,1.065386307010663e-07,Downregulated
FAM187A,-1.1703039430049371,1.0725909339653597e-07,Downregulated
AIM1L,1.7449223747978966,1.075772175515393e-07,Upregulated
NFE2L3,1.0103936254112282,1.0855883796798265e-07,Upregulated
VTCN1,2.737492452037181,1.0982416494204847e-07,Upregulated
CLDN3,-2.143346988770106,1.1070954929173848e-07,Downregulated
KLRC4,-1.6470510617337313,1.1096651317692036e-07,Downregulated
FGFBP1,2.3135296998882806,1.1105791524008202e-07,Upregulated
DMTN,-1.1152873658928415,1.1252202432145436e-07,Downregulated
PEG10,-1.8810106333215064,1.1263127573828817e-07,Downregulated
PROC,1.21048859989699,1.1321753517769045e-07,Upregulated
MGARP,-1.4037713239123546,1.1354267162737599e-07,Downregulated
FRMPD2,-2.044767849877444,1.1388055896304869e-07,Downregulated
PDE1A,-1.280233244116225,1.1514432255417201e-07,Downregulated
IGFN1,-1.6772989393942832,1.158049098901303e-07,Downregulated
CCDC151,-1.874948877730862,1.171534548969225e-07,Downregulated
IL22RA2,1.7164442266790372,1.176769434146325e-07,Upregulated
MESP2,1.7300042347944702,1.1856727247281109e-07,Upregulated
TTLL7,-1.4036928506994195,1.2287352402725756e-07,Downregulated
UPK1B,3.877768200290913,1.2322623280026576e-07,Upregulated
AKAP14,-2.851570297220072,1.2462343436842548e-07,Downregulated
WDR76,1.0994342516070263,1.2598294012165706e-07,Upregulated
GDF5,-1.7480358366477495,1.2598294012165706e-07,Downregulated
DYRK3,-1.1103836381148202,1.2635035369641548e-07,Downregulated
CD1B,-1.5245219304146542,1.269628305695115e-07,Downregulated
CARD17,1.926594796369577,1.2881857930379765e-07,Upregulated
APLNR,-1.6565217687860896,1.2924781965882498e-07,Downregulated
AMTN,3.478674529483599,1.2971387660326858e-07,Upregulated
SESN3,1.0837213324709651,1.3024391154385826e-07,Upregulated
FMO3,-1.5897994987665856,1.307918749256658e-07,Downregulated
PTX3,-2.031918154215938,1.32949087283476e-07,Downregulated
AL009178.1,-1.4089020936753118,1.329604750140294e-07,Downregulated
PLA2G2A,-3.082187710084834,1.3506830131523806e-07,Downregulated
EPHX2,-1.039419928868356,1.36004423361024e-07,Downregulated
VSIG10,-1.0213700118783944,1.3723266097001533e-07,Downregulated
EDA,-1.124325233250537,1.380023110854979e-07,Downregulated
GOLGA8N,-1.1529871827900386,1.380179483535951e-07,Downregulated
RNF112,-1.1230296606059549,1.392995779076474e-07,Downregulated
PCDHGA10,-1.337020904653258,1.4168446201245564e-07,Downregulated
ZNF415,-1.185483761642673,1.425959521503858e-07,Downregulated
RSAD2,-1.3382181056875329,1.4304238802720193e-07,Downregulated
SLC9A2,2.027034483494118,1.465745995594875e-07,Upregulated
SERPINB2,2.692216544347759,1.4753455869525752e-07,Upregulated
TNC,1.6435283870562518,1.484306220702067e-07,Upregulated
UBE2QL1,1.8852447280653557,1.496026133894598e-07,Upregulated
HILPDA,1.3070572967130278,1.5027075267101178e-07,Upregulated
CCR4,-1.453423242422054,1.5215891873664518e-07,Downregulated
SLC24A3,-1.2182416538702645,1.524608605469315e-07,Downregulated
MLIP,2.0259298355721023,1.5448645799944198e-07,Upregulated
CES1,-2.3760750773282826,1.5530576076635817e-07,Downregulated
FP15737,-1.1676691287323786,1.5548606466865772e-07,Downregulated
C4orf19,-1.7204478726314223,1.556316491150204e-07,Downregulated
SPRED3,1.4997593944823144,1.5744617898774733e-07,Upregulated
C8orf48,-1.0714974359424652,1.586761214886736e-07,Downregulated
ZNF724P,1.3790942017366432,1.595975175241443e-07,Upregulated
FAT3,-1.630962862824363,1.6135238630287738e-07,Downregulated
CSAG1,2.8222667967318857,1.616511586396858e-07,Upregulated
FAM211A,-1.3778014992423486,1.6336663864996766e-07,Downregulated
FKSG61,2.3148489047072003,1.634841683635385e-07,Upregulated
JUNB,-1.2113723413849868,1.6547839995842925e-07,Downregulated
MAGEA2,2.7743919872410885,1.674306836640755e-07,Upregulated
FSCN2,-1.0085181967113166,1.7179346335681538e-07,Downregulated
ATP1B3,1.0317646170180446,1.7253453970448146e-07,Upregulated
CYP4Z1,-1.820356200306924,1.739425276318062e-07,Downregulated
ZAP70,-1.3976323506234485,1.7428770011748797e-07,Downregulated
BCO2,-1.3434843827445189,1.7599970338985625e-07,Downregulated
ANKRD45,-1.651302954018933,1.7753185423336767e-07,Downregulated
SIGLEC8,-1.5963975282064795,1.7805945381723125e-07,Downregulated
CCR5,-1.3257215841811458,1.7953122337621681e-07,Downregulated
TMC1,1.439317866765263,1.8108309572793425e-07,Upregulated
TMEM151B,1.3909654755995446,1.8148341848390745e-07,Upregulated
HP,-3.259210887819587,1.822752629906398e-07,Downregulated
XPNPEP2,-1.4047841431830306,1.8296602913851037e-07,Downregulated
NMNAT3,1.0501991284129373,1.889227534205111e-07,Upregulated
CCDC89,-1.2740655643675551,1.91402557195265e-07,Downregulated
CSF2,-2.064491735188918,1.943060920975957e-07,Downregulated
SYT5,1.8521205420806708,1.9574902620704058e-07,Upregulated
C19orf26,1.5572922349577327,1.9720665717662178e-07,Upregulated
IGFBP2,1.7870591467265609,2.029440523428325e-07,Upregulated
HIST1H2BD,1.3511733433075095,2.053397207121388e-07,Upregulated
CRISPLD2,-1.1176497020772054,2.0876732728875438e-07,Downregulated
AK8,-1.2887611512810402,2.0999239892333257e-07,Downregulated
CD200R1,-1.2148227378858645,2.1058834328386306e-07,Downregulated
RUNX2,1.082544033784008,2.1062415541303886e-07,Upregulated
PDE3A,-1.1715399568368374,2.1428267303662615e-07,Downregulated
FTCD,1.5615219536423917,2.1646948381762098e-07,Upregulated
ELOVL2,1.871227748820188,2.207630143608712e-07,Upregulated
GPC3,-1.9835344492171725,2.2111054312398178e-07,Downregulated
H2AFY2,1.1033320876695392,2.2124816835093154e-07,Upregulated
EMB,-1.0119666011801591,2.2175544602690846e-07,Downregulated
TCTEX1D2,1.163527378394507,2.236750374946041e-07,Upregulated
MAGEA1,2.879749793321736,2.245436974185644e-07,Upregulated
CORIN,-1.4658185373219237,2.2514223347839107e-07,Downregulated
SLAMF9,1.7410375383174994,2.281236097422279e-07,Upregulated
LMX1B,1.589921169119044,2.293076523658429e-07,Upregulated
TMEM184A,1.6588387568709555,2.307377039210927e-07,Upregulated
AREGB,-2.018740826047958,2.310147188363807e-07,Downregulated
TRAT1,-1.59471900242582,2.326631603229446e-07,Downregulated
DNAJC6,-1.3669668181810088,2.363918788396135e-07,Downregulated
STOML3,-2.6619634516146427,2.393777080850469e-07,Downregulated
LAMA1,1.861381409572404,2.447938666100383e-07,Upregulated
FAXC,1.4064711215388206,2.449960702815009e-07,Upregulated
MAB21L3,1.630690790242582,2.49489309150308e-07,Upregulated
EFCAB6,-1.154699791861261,2.4958564211754135e-07,Downregulated
CTD-2054N24.2,-1.3832630096665066,2.5086153173964733e-07,Downregulated
RAC2,-1.0176466712843393,2.520816148533091e-07,Downregulated
KRT80,1.534917730688469,2.532708433004982e-07,Upregulated
FAM3B,-1.9422322795263949,2.5510348539204824e-07,Downregulated
TRIM7,1.6686339331951974,2.574180612159239e-07,Upregulated
C15orf37,-1.0517418809716217,2.590714283365028e-07,Downregulated
HKDC1,-2.043093014608337,2.604174595725355e-07,Downregulated
LINGO1,1.615257758816406,2.627492835968209e-07,Upregulated
LPAR3,1.5793923694144851,2.630309360114448e-07,Upregulated
CHADL,-1.0351201152265208,2.641757526261819e-07,Downregulated
RCVRN,-1.1436123056027447,2.6472657500345053e-07,Downregulated
LINGO3,-1.0330787347642283,2.667594551770604e-07,Downregulated
GCLM,1.1968603991111593,2.744730608815888e-07,Upregulated
CHAC1,1.0837366609361236,2.793689506964172e-07,Upregulated
DYDC2,-2.772291221704617,2.8049440656068e-07,Downregulated
BPIFB1,-3.991606901019584,2.821891005581796e-07,Downregulated
FMN2,-1.4450324406697108,2.822597472626458e-07,Downregulated
CRYBB3,1.3143274703723944,2.825449565847216e-07,Upregulated
C4orf26,1.5812296716804606,2.84635823219437e-07,Upregulated
STRC,1.1174900577674958,2.867973029359295e-07,Upregulated
NAV1,1.1856795716859256,2.906192451206696e-07,Upregulated
CD5,-1.4809964538324394,2.97557050420112e-07,Downregulated
EDN3,-2.0553992815192323,3.058981231870676e-07,Downregulated
DMD,-1.26451570775746,3.0793788476111537e-07,Downregulated
CCDC146,-1.2696305989390533,3.1322892413379666e-07,Downregulated
RP11-723O4.6,-1.3720751882787687,3.247482144943261e-07,Downregulated
SLC9A3,1.8021444978719103,3.3048238040894977e-07,Upregulated
KIAA0754,-1.3114289834348494,3.309193109880919e-07,Downregulated
KIF5A,1.4492100771265877,3.330413222434488e-07,Upregulated
PM20D1,-1.268084006224385,3.351225376922486e-07,Downregulated
SIX1,2.174727937651192,3.360313855217724e-07,Upregulated
ADRA2A,-1.4829038358009603,3.426006329133115e-07,Downregulated
MSMP,-1.4846819043974366,3.48720242325035e-07,Downregulated
CPEB1,-1.4270792950105395,3.493297794669021e-07,Downregulated
ASCL2,1.2797671821859318,3.525153887856104e-07,Upregulated
VCX3B,1.593553246639667,3.545780007998677e-07,Upregulated
KCNMB1,-1.1778538813875965,3.6754843210017277e-07,Downregulated
SERINC2,1.1301966058390889,3.678937976766745e-07,Upregulated
FAIM2,-1.4592203785512456,3.683710903273775e-07,Downregulated
FHAD1,-1.590780610827637,3.690576169021869e-07,Downregulated
KCNJ12,-1.215360261736707,3.748811122459809e-07,Downregulated
SMIM22,-1.7852804510574547,3.8147959793174674e-07,Downregulated
IL32,-1.2501960391227822,3.857860617897588e-07,Downregulated
STK31,1.3221413312216015,3.858994007139328e-07,Upregulated
SYNDIG1,1.6314962818658572,3.8606214926065005e-07,Upregulated
CCL27,1.6649808167098707,3.870552721656367e-07,Upregulated
LOXL1,1.126079380945594,3.94456113885507e-07,Upregulated
AKR7A3,1.0176666476031175,3.9848750026299097e-07,Upregulated
PDE6G,-1.323363255366992,4.057935059716027e-07,Downregulated
LDLRAD2,-1.0562954527085484,4.133956476214089e-07,Downregulated
NEK10,-2.181871070867426,4.211382092702128e-07,Downregulated
STAB2,-1.4932925354695668,4.216830335818427e-07,Downregulated
ADAM11,1.122525873677558,4.218680027881377e-07,Upregulated
DCC,-1.8171138118265613,4.24392788713401e-07,Downregulated
LONRF2,-1.6558483554470418,4.372311235625214e-07,Downregulated
FAM153B,-2.0221319111424174,4.376534618703214e-07,Downregulated
CCDC60,-2.3253955965889745,4.388829528192791e-07,Downregulated
GPRC5C,-1.1347043552721452,4.41008860671655e-07,Downregulated
PHEX,-1.19647820959504,4.41184066497325e-07,Downregulated
FKSG48,2.40633597532073,4.443796050375279e-07,Upregulated
OLFM4,2.040917991313645,4.453432304698264e-07,Upregulated
NPB,1.7155522323778345,4.54673192409885e-07,Upregulated
APOC4,-1.3311882148062737,4.581561477475981e-07,Downregulated
B3GNT3,1.7918162232243935,4.604988862065486e-07,Upregulated
FGF12,1.7390599052391913,4.6418137466800716e-07,Upregulated
COL5A1,1.3209849245824508,4.66316163164011e-07,Upregulated
SELE,-2.84469626635312,4.686896353299897e-07,Downregulated
ZNF737,-1.2533709221543354,4.7333227263248326e-07,Downregulated
TOX3,-1.9423648280317145,4.753642551919575e-07,Downregulated
PSORS1C2,1.9286140062906545,4.769774635950729e-07,Upregulated
FAM155A,-1.416460689106248,4.777155555284168e-07,Downregulated
M1AP,-1.6155451382961965,4.80625518694007e-07,Downregulated
CCL13,-1.447642468996614,4.817277003718604e-07,Downregulated
ZNF677,-1.25803110292202,4.824697989805633e-07,Downregulated
FBP2,-1.3536957285096525,4.832549622112048e-07,Downregulated
ZNF683,-1.5188537157592066,4.868137081624642e-07,Downregulated
AGT,-1.282725728754822,4.913045234667223e-07,Downregulated
MAP2,-1.6658516522832594,4.913045234667223e-07,Downregulated
LRG1,-1.8033382402383011,5.004737271451133e-07,Downregulated
CRISP2,-2.2180052068085545,5.098063919190178e-07,Downregulated
PIR,1.0425504592222428,5.182830908765795e-07,Upregulated
SUCNR1,-1.273147219892098,5.207234280102182e-07,Downregulated
ITGA2,1.1090262035995355,5.209384835779646e-07,Upregulated
BZRAP1,-1.0976577781597363,5.2434514348525e-07,Downregulated
COL8A1,-1.171970824111629,5.284474409634548e-07,Downregulated
SCHIP1,-1.4435130998969248,5.293211006394548e-07,Downregulated
IL34,-1.2393945763578929,5.29768406765615e-07,Downregulated
FASLG,-1.34096130846154,5.324051422528311e-07,Downregulated
FUT7,-1.009253802199502,5.434933194417976e-07,Downregulated
SLC5A1,-1.9360767999369013,5.688285466243117e-07,Downregulated
SIGLEC12,-1.1441853481474578,5.718629702743038e-07,Downregulated
SPDEF,-1.9043635835377293,5.739483600723219e-07,Downregulated
AC007952.6,-1.3643666912622177,5.759754878096227e-07,Downregulated
NDRG1,1.2549017382420384,5.765230122329818e-07,Upregulated
EFCAB5,-1.0154337458762748,5.799584462763347e-07,Downregulated
TMEM61,-1.402555478855053,5.811304223074091e-07,Downregulated
ZFHX2,-1.0881853444355754,5.921810121423792e-07,Downregulated
C1orf61,1.988772239532236,5.935726145252732e-07,Upregulated
IL17RD,1.4485759239892402,5.979206457997751e-07,Upregulated
TRPM2,1.0960671346979014,6.010944595142906e-07,Upregulated
SLCO1B3,2.2161957059791506,6.03079065407974e-07,Upregulated
LXN,-1.02548953942415,6.033600466242129e-07,Downregulated
EEF1A2,2.141289384714661,6.034147568209221e-07,Upregulated
KRT4,-2.758206952358992,6.093164077100824e-07,Downregulated
PCDHGA7,-1.135370334465223,6.105789000741681e-07,Downregulated
GOLGA8H,-1.2563783499533816,6.154530968438261e-07,Downregulated
CCDC114,-1.991958772372688,6.299031955586424e-07,Downregulated
SCN5A,1.2242798862331914,6.495825176414674e-07,Upregulated
EYA2,1.9364641228682664,6.503846175528485e-07,Upregulated
RP11-553A10.1,1.770081739142672,6.506716940625967e-07,Upregulated
AKNAD1,-1.23084296631776,6.509911437679813e-07,Downregulated
CCR6,-1.4782832236145418,6.617741883319764e-07,Downregulated
SRXN1,1.4431377106970054,6.661125171735861e-07,Upregulated
VIPR2,-1.5250127521191703,6.686728270702975e-07,Downregulated
NAP1L3,-1.059420533835639,6.87589418122608e-07,Downregulated
MS4A6E,-1.76567321205305,6.886991358503526e-07,Downregulated
KCNMB4,-1.1580217840491542,6.887500596029258e-07,Downregulated
TBX1,1.268442300508454,7.024740300854569e-07,Upregulated
ZNF418,-1.131228710040575,7.028195323598433e-07,Downregulated
GPR158,1.5477149102306005,7.048130150321122e-07,Upregulated
WDR66,1.6748957574607513,7.071063374167593e-07,Upregulated
WNT7B,1.4243306311805126,7.095351572784388e-07,Upregulated
NWD1,-2.160817825204149,7.202528167537665e-07,Downregulated
MYCN,1.8046734438782188,7.327300910824214e-07,Upregulated
NOX4,1.2088164212660963,7.327964170324941e-07,Upregulated
PON1,-1.5360584788385272,7.329604273794742e-07,Downregulated
LRFN1,1.0017039535878824,7.35405301439617e-07,Upregulated
C9orf117,-1.9058517735981688,7.420521880124869e-07,Downregulated
MMEL1,-1.4212357263239053,7.454503317069608e-07,Downregulated
DEC1,1.7661102628932637,7.502665594202176e-07,Upregulated
ST6GAL1,-1.1054908979802338,7.511789003140067e-07,Downregulated
NOS3,-1.238432825067323,7.56368621847496e-07,Downregulated
GUCY2D,-1.210600107986136,7.646864682510292e-07,Downregulated
CD3E,-1.3862823398582886,7.738576856036259e-07,Downregulated
LOXL2,1.316473876322946,7.748084805068937e-07,Upregulated
HIST1H2BJ,1.437415979636835,7.779020976022454e-07,Upregulated
VSTM5,1.3371517849911174,7.793922450703336e-07,Upregulated
THSD4,-1.0307686566467495,7.850145938380794e-07,Downregulated
CD2,-1.308811088425788,7.87358727264386e-07,Downregulated
APOD,-1.72940743298855,7.909668907404163e-07,Downregulated
GREB1L,1.4922762889327412,7.980074590986523e-07,Upregulated
FOXP3,1.3129880798369309,7.980846547934705e-07,Upregulated
HABP2,-1.9324617284407624,7.980991050636162e-07,Downregulated
NCAM2,-1.4099833080801227,8.06044189968982e-07,Downregulated
CD3G,-1.436083321974455,8.118888746204442e-07,Downregulated
ALOX12,1.7841958239630986,8.198641104763926e-07,Upregulated
PSORS1C1,-1.1041516588833584,8.228826482146413e-07,Downregulated
NETO2,1.202345338350022,8.376430146085911e-07,Upregulated
CES4A,-1.0247079233080472,8.403162140998862e-07,Downregulated
TREML2,-1.1747263585729004,8.408114188509877e-07,Downregulated
NR1D1,1.0521571928438664,8.408114188509877e-07,Upregulated
GREB1,1.077209898974076,8.557333980886274e-07,Upregulated
NPFFR1,-1.2188186916645678,8.56622310706339e-07,Downregulated
TNFAIP3,-1.035488466303633,8.612126841920996e-07,Downregulated
TMEM52,1.2135560116712245,8.656882023778985e-07,Upregulated
CD84,-1.1584692547270992,8.916456117762097e-07,Downregulated
GBP1,-1.0247033794839613,8.952729120644878e-07,Downregulated
PLIN4,-1.0227235934043972,8.963835501111151e-07,Downregulated
MFAP3L,-1.0733656003199965,9.07453704443805e-07,Downregulated
C16orf71,-1.6432747823350715,9.08186474362954e-07,Downregulated
ADAMTSL4-AS1,-1.3715059162148493,9.20373219269242e-07,Downregulated
BAIAP3,-1.424714613934884,9.266042563651948e-07,Downregulated
AP005482.1,-1.1329969966324098,9.280323874998718e-07,Downregulated
RP11-146D12.2,-1.5166522014133863,9.390471585278436e-07,Downregulated
CDX1,1.506481978878853,9.422689112638726e-07,Upregulated
HORMAD1,2.040855281426909,9.469773483331408e-07,Upregulated
CADPS,-1.1909237780358728,9.474350702173836e-07,Downregulated
PCDHB4,-1.1441536287412548,9.503398050366838e-07,Downregulated
TNFRSF11B,-1.3007937956628457,9.55128726230594e-07,Downregulated
F2RL1,1.0505790565310775,9.578965656049426e-07,Upregulated
C11orf70,-1.4753795597741697,9.620822898305076e-07,Downregulated
MME,-1.6882149216462352,9.665876385219358e-07,Downregulated
EGR3,-1.577285105545129,9.730771297865607e-07,Downregulated
KIF1A,2.1963170727342947,9.822851935888714e-07,Upregulated
NPPC,2.4475755651575914,9.878915340989227e-07,Upregulated
ACSBG1,-1.7068121798625948,9.99794683228031e-07,Downregulated
PTGS2,-1.813708960215175,1.023975957359209e-06,Downregulated
TMEM249,1.3472324244916407,1.0286017669129067e-06,Upregulated
POSTN,1.6550973592958336,1.0324498175257684e-06,Upregulated
CCNB3,-1.082123363022769,1.0337370643262652e-06,Downregulated
LIPM,1.017304676179675,1.065403882266286e-06,Upregulated
SH2D1A,-1.2837275651829143,1.071755921605057e-06,Downregulated
KBTBD12,-1.443026207802132,1.0753783659603089e-06,Downregulated
TNFRSF8,-1.1997802079506856,1.0772446098101292e-06,Downregulated
SLC5A3,1.0739370913917226,1.083737969383765e-06,Upregulated
LAMC2,1.2890211141884258,1.1003035177783873e-06,Upregulated
MT1E,-1.3882345902719295,1.1057719172481698e-06,Downregulated
ZACN,1.855892069955,1.112134639492299e-06,Upregulated
FAM19A3,1.456115824023187,1.11361233719598e-06,Upregulated
FCGR2B,-1.07529021986117,1.1182814818454558e-06,Downregulated
MAPK8IP2,1.2577100901723233,1.121834151017125e-06,Upregulated
PTPRR,-1.331021979469175,1.1249356153360192e-06,Downregulated
C15orf48,1.3117661754806775,1.1271841322179105e-06,Upregulated
FAM169A,1.0152873145854269,1.142255085060618e-06,Upregulated
AC027307.3,-1.0505438369642417,1.1545263829572738e-06,Downregulated
APOL4,-1.1086211216764994,1.1677140433010235e-06,Downregulated
OLFM2,1.0299959020727805,1.1738068436412304e-06,Upregulated
ACTA2,-1.1286275563290695,1.184519208642883e-06,Downregulated
ARL14,1.7304664677742718,1.1905092243552989e-06,Upregulated
EPHA3,-1.3037575838103672,1.1983878046548565e-06,Downregulated
MSX2,1.1302161566024918,1.2222143648854947e-06,Upregulated
BBOX1,1.569326195806068,1.2486049386218826e-06,Upregulated
SYNGR3,1.3045389524627224,1.2593852389121562e-06,Upregulated
GZMB,-1.2258741910387876,1.265617621034684e-06,Downregulated
FOXO6,1.3195442468805378,1.2684770861242349e-06,Upregulated
FAM110B,-1.0692421515179813,1.2709824074401296e-06,Downregulated
ICA1,-1.157853482629058,1.2871019839953931e-06,Downregulated
SLC26A4,-1.25095207350002,1.322159884434627e-06,Downregulated
BCHE,-1.888176610214168,1.3243767576089094e-06,Downregulated
TMEM35,-1.507780674555229,1.3282382851300347e-06,Downregulated
TGIF2-C20orf24,1.4970627093360385,1.334911167513014e-06,Upregulated
TMEM179,2.04608750948817,1.365113497557391e-06,Upregulated
FAM46A,-1.009812722902386,1.3683485162657855e-06,Downregulated
POF1B,1.5848118470664536,1.3691642322509365e-06,Upregulated
CCDC155,-1.6628661192444358,1.4085193337498635e-06,Downregulated
CKB,-1.1286279085143178,1.416819790266496e-06,Downregulated
TACR1,-1.6098482907456475,1.4187780865879518e-06,Downregulated
GJB7,1.47731803996545,1.4365816658462488e-06,Upregulated
SLC35F3,1.6141220798276894,1.4499113325015063e-06,Upregulated
BMP4,-1.3690309675682562,1.4816311993155648e-06,Downregulated
MCOLN2,-1.0629318281306466,1.4837837820419778e-06,Downregulated
NRCAM,1.4821443118952509,1.4929939282704828e-06,Upregulated
CFH,-1.0688231824229335,1.5242730703227171e-06,Downregulated
HLA-G,-1.2315728716312773,1.544096550201387e-06,Downregulated
HAL,-1.3527773639062943,1.552975108552998e-06,Downregulated
AC011484.1,-1.646316185470423,1.560299174094828e-06,Downregulated
BCL2L15,-1.440119065411709,1.5604163258919157e-06,Downregulated
SLC23A1,-1.6894262290184878,1.573968032395553e-06,Downregulated
GYG2,1.140970599097975,1.5787074508502698e-06,Upregulated
HFM1,-1.0700981894147592,1.5919018163000675e-06,Downregulated
HOXB5,-1.1107949292661754,1.639370719938653e-06,Downregulated
RNFT2,1.1355338446148142,1.6532865380773595e-06,Upregulated
HSD17B3,1.533018500963406,1.6741811934893786e-06,Upregulated
SCNN1A,-1.3748977681500083,1.684144075847872e-06,Downregulated
HIST2H2AA4,1.0272551433642256,1.6996775698039476e-06,Upregulated
MEST,1.0747075986486134,1.7115221568987629e-06,Upregulated
ADAMTS15,-1.4374547562169413,1.8156465207491915e-06,Downregulated
CD8A,-1.2904003103949782,1.8181788815312683e-06,Downregulated
REEP2,1.248093258621214,1.845223021791539e-06,Upregulated
NRN1,-1.454299841615616,1.8830934253852187e-06,Downregulated
NAT8L,1.3582148484412904,1.918561285605716e-06,Upregulated
MAPK10,-1.2319583384595898,1.9324646534877e-06,Downregulated
AC103801.2,1.3309174997143716,1.976570687037967e-06,Upregulated
GEM,-1.282743468454079,1.9872810038958905e-06,Downregulated
TNFSF8,-1.4501855382295483,2.00142070463375e-06,Downregulated
DPYSL4,1.2814859605598912,2.009606565766957e-06,Upregulated
SLC2A3,-1.2307833253166829,2.025633204282544e-06,Downregulated
FHOD3,1.4027625003450197,2.1212246636478827e-06,Upregulated
ADH7,3.2076016513246195,2.1276387312556093e-06,Upregulated
ACHE,-1.179639520791918,2.162907786268244e-06,Downregulated
ZNF214,-1.0961303654487509,2.168882402332459e-06,Downregulated
EYA4,-1.5750680256528748,2.1689013415709898e-06,Downregulated
SNCB,1.5202388432534628,2.174379721717345e-06,Upregulated
EFHD1,-1.438843618381263,2.2006964280454083e-06,Downregulated
RELN,-1.6374998373061969,2.238498653291712e-06,Downregulated
OMD,-1.519665290670286,2.239475108910468e-06,Downregulated
CITED1,-1.321124706054721,2.2458076787353867e-06,Downregulated
KLK4,1.3723743546047371,2.322346644046027e-06,Upregulated
NRXN3,-1.1327909194619783,2.3566974170262835e-06,Downregulated
LRGUK,-1.2842380148460393,2.358791318152115e-06,Downregulated
SERPINB3,3.533570381230154,2.372365255620058e-06,Upregulated
HS3ST3A1,1.4172868972975072,2.38205716391191e-06,Upregulated
RNF212,-1.2986321916088928,2.400138318518771e-06,Downregulated
FFAR3,-1.2565356564937544,2.4002026101562003e-06,Downregulated
FNDC1,1.6249991463867826,2.431951452817468e-06,Upregulated
EREG,-1.6755478181112298,2.475868893855641e-06,Downregulated
ZNF385D,-1.2735050995455586,2.5126185646070125e-06,Downregulated
CNGA1,1.0495369922967277,2.5206034638469165e-06,Upregulated
FAIM3,-1.168832723886319,2.52644758359354e-06,Downregulated
GLT1D1,-1.5229595966726146,2.5604666830323438e-06,Downregulated
MKRN3,2.2118207628542184,2.578476657760657e-06,Upregulated
KIAA0226L,-1.0974387848372142,2.5936923513104127e-06,Downregulated
COL9A3,1.650766651770546,2.6134668847500064e-06,Upregulated
PDE6B,-1.0866566808500826,2.614776802055501e-06,Downregulated
SMKR1,1.1529195902953893,2.63807571805404e-06,Upregulated
DEGS2,-1.401637903831439,2.672210156243527e-06,Downregulated
WDR52,-1.0435173526523966,2.6936654531150293e-06,Downregulated
SLFN12L,-1.0109140850132483,2.6990416923482736e-06,Downregulated
MUCL1,2.380228540181132,2.7122000807498405e-06,Upregulated
PIK3R3,-1.0647078266595216,2.7283563876713387e-06,Downregulated
EBF2,-1.1616655138511471,2.73304340771137e-06,Downregulated
TMEM27,-1.055065224211699,2.750112147340957e-06,Downregulated
VIL1,1.0118762111206978,2.76934708825648e-06,Upregulated
PAX8,-1.1693305129266198,2.772729050502926e-06,Downregulated
HOXD9,1.460598695222636,2.824436021723598e-06,Upregulated
TP53TG3,1.5219613824699918,2.864313888323228e-06,Upregulated
GTF2A1L,1.4537073618476293,2.933424358917619e-06,Upregulated
ENPP3,-1.4141506293816488,2.937674884412215e-06,Downregulated
HOXA4,-1.305668167666289,2.9677900163651275e-06,Downregulated
NOTUM,-1.4011861044241618,2.978234625147997e-06,Downregulated
AL353791.1,-1.0806721474736052,2.980355994797397e-06,Downregulated
ZNF704,-1.1293988414508709,2.9835553706117075e-06,Downregulated
ASB9,-1.0908521833733618,3.0076539667281355e-06,Downregulated
VWA2,-1.4901082552596945,3.0158285579583192e-06,Downregulated
CD6,-1.0698078853831283,3.017779808425829e-06,Downregulated
COL21A1,-1.6981182302803042,3.0221749827768645e-06,Downregulated
CDH15,-1.0090837510607713,3.0291986932221945e-06,Downregulated
GSG1L,-1.652700303418492,3.029933718726044e-06,Downregulated
BHLHE41,-1.1372661965709252,3.072700641490076e-06,Downregulated
AL603965.1,-1.4740478601951237,3.078764661199057e-06,Downregulated
RP11-977G19.10,1.5101526578646136,3.1385383748004827e-06,Upregulated
P2RY10,-1.2584159243024828,3.147808495343111e-06,Downregulated
GZMA,-1.2176278661945013,3.217273402045621e-06,Downregulated
BST2,-1.128235211610166,3.218261675957145e-06,Downregulated
SV2A,1.251945842124757,3.230459172796206e-06,Upregulated
SCML2,1.1874396413896111,3.249310458821535e-06,Upregulated
MYH15,-1.1847979838384308,3.2627877769813326e-06,Downregulated
DMRTA1,-1.1814771275924207,3.290550562804496e-06,Downregulated
RASSF6,1.2721619812719511,3.310621018273671e-06,Upregulated
AKR1C2,2.5409897533294608,3.335791897175845e-06,Upregulated
FPGT-TNNI3K,-1.0225633261270382,3.338992747147504e-06,Downregulated
WNT10B,1.5760682040460048,3.342809555834628e-06,Upregulated
DNAJB13,-1.9849263325105528,3.3670748718918197e-06,Downregulated
RBP1,1.2678426135138956,3.388540419643432e-06,Upregulated
GFI1B,-1.8881693310026244,3.4117688416292197e-06,Downregulated
FFAR2,-1.4692409573180818,3.4473578708571115e-06,Downregulated
ILDR2,-1.3462588670044866,3.475236131370947e-06,Downregulated
GPR141,-1.0904134726602264,3.483126313402885e-06,Downregulated
TMEM255A,-1.2873218183719066,3.51177540655868e-06,Downregulated
DNAH11,-1.472193505329873,3.5578888922186893e-06,Downregulated
CCDC78,-2.1459311116254867,3.585269199975806e-06,Downregulated
FCER2,-1.6501714678665085,3.6128937852481218e-06,Downregulated
CCR7,-1.198986558684633,3.643631701120186e-06,Downregulated
KRT79,-1.6620356689930218,3.655315709034621e-06,Downregulated
ATRNL1,1.633590756835253,3.78337558361494e-06,Upregulated
FAM57B,1.301322485712984,3.827133484482263e-06,Upregulated
AMPD1,-1.370456650176167,3.829779079493748e-06,Downregulated
RASL11B,1.2521127840991657,3.849104120884932e-06,Upregulated
SLAMF6,-1.2832896694278435,3.887819197397608e-06,Downregulated
SYCE2,1.0380923564650448,3.93131135066976e-06,Upregulated
FAM129C,-1.3133866116136517,3.933082155510131e-06,Downregulated
CSTA,1.8876444601895663,3.937568533930385e-06,Upregulated
ADAM32,1.2862719526987076,3.962062629364866e-06,Upregulated
SERPINA9,-1.434828689256597,3.983112760996872e-06,Downregulated
REG1A,1.8945235232421995,4.223862369103007e-06,Upregulated
FZD8,-1.0821751930340993,4.2393407433363215e-06,Downregulated
CHRDL2,-1.4489068123432602,4.2393407433363215e-06,Downregulated
CCL2,-1.899019375716872,4.304693852982947e-06,Downregulated
AMIGO2,-1.0309773523057206,4.333595274249331e-06,Downregulated
ZFHX4,1.2158403401467257,4.429765009486854e-06,Upregulated
COL2A1,1.7905891474352085,4.441336144735562e-06,Upregulated
AOAH,-1.0886229648488737,4.453842566536542e-06,Downregulated
HIST2H3A,1.4794776591120908,4.513920099343075e-06,Upregulated
AC006116.20,1.5490810203530998,4.521304609161569e-06,Upregulated
LPPR1,-1.6888992568329255,4.531854155393596e-06,Downregulated
HIST1H4C,1.4293488061918906,4.571814973083741e-06,Upregulated
TMEM45A,1.1960824997832198,4.598174220167535e-06,Upregulated
CXCR3,-1.3258791606678804,4.693633618598791e-06,Downregulated
P2RY6,1.1039099831935737,4.701531651557226e-06,Upregulated
CYP4F11,2.596807345758779,4.753226390191773e-06,Upregulated
DIRAS1,1.3349050861087806,4.828120655422544e-06,Upregulated
SEMA6B,-1.0135174647741954,4.85730424735029e-06,Downregulated
SLC26A5,-1.088650940244163,4.949999647911355e-06,Downregulated
FOLH1,1.2008166556685378,5.02972572666321e-06,Upregulated
SCUBE3,1.3684807357042592,5.063040197874569e-06,Upregulated
LL22NC03-75H12.2,-1.5044502002719304,5.1124549217686265e-06,Downregulated
CLC,-1.973761491292465,5.1124549217686265e-06,Downregulated
CLDN11,-1.6443116857850164,5.143113431524463e-06,Downregulated
KCNQ3,-1.1852372849857464,5.278806901834642e-06,Downregulated
PTPRCAP,-1.1747037964345486,5.310106988505064e-06,Downregulated
SYT1,1.30021919996845,5.332415773273225e-06,Upregulated
RASL10B,1.2741226566790664,5.367299509876385e-06,Upregulated
FBXL7,-1.1068427090889648,5.391145481417231e-06,Downregulated
ADCY10,1.32652887956793,5.414194158924326e-06,Upregulated
HIST1H2BE,1.4735748829611723,5.4168645811713005e-06,Upregulated
NPPA,-1.201330720785437,5.486556778593344e-06,Downregulated
DNAJC22,1.2443720377771244,5.492716881256296e-06,Upregulated
FAM183A,-2.607021448938716,5.516280964903737e-06,Downregulated
TUBB2B,1.402577944875735,5.543017042505513e-06,Upregulated
RHOH,-1.0435334517178712,5.578401247538073e-06,Downregulated
SPOCD1,-1.107240190751746,5.610458646033558e-06,Downregulated
PAX6,1.5660188869149718,5.701981610499502e-06,Upregulated
IL4I1,1.097448505127523,5.7879302734736e-06,Upregulated
KLK11,-2.299384516772585,5.863172506985845e-06,Downregulated
TPRG1,-1.233135563978733,5.866000143817059e-06,Downregulated
APBA2,1.1421723530365124,5.9238493441809705e-06,Upregulated
AMH,1.138578427179561,5.9599892591215685e-06,Upregulated
CYP4X1,-1.4643011065459133,6.025887679998501e-06,Downregulated
GIPR,-1.0560328610267795,6.052139957140128e-06,Downregulated
FANK1,-1.0452908225063515,6.111137196602367e-06,Downregulated
ATP6V1G2-DDX39B,1.1603833713658132,6.169261292255772e-06,Upregulated
MIXL1,1.4708123818821823,6.16984987423164e-06,Upregulated
ZNF280B,1.2136152799399935,6.221167536584247e-06,Upregulated
CSMD2,1.145180981260166,6.2518668794277525e-06,Upregulated
GGT6,-1.2203721288660914,6.311811100203482e-06,Downregulated
DCLK2,-1.0266630712515088,6.31710099692698e-06,Downregulated
TMEM92,-1.3290452171444125,6.373344703607244e-06,Downregulated
ZNF90,-1.2234779789959769,6.373344703607244e-06,Downregulated
IFI27,-1.1952943965213034,6.403327332731981e-06,Downregulated
HYDIN,-1.517490721132047,6.410994120667173e-06,Downregulated
GSC,1.3409158821117877,6.515432998531127e-06,Upregulated
IPCEF1,-1.004279933855626,6.534617754954578e-06,Downregulated
SIK1,-1.129016925690566,6.61092679843567e-06,Downregulated
PIP,-2.777839141492734,6.621960200995061e-06,Downregulated
CLECL1,-1.0842220807593392,6.632684963245652e-06,Downregulated
ADORA1,-1.0543702495957277,6.890134992546432e-06,Downregulated
PVRIG,-1.1429415808642265,7.076718076529266e-06,Downregulated
C6orf223,-1.6099964842032426,7.188192924860621e-06,Downregulated
C1orf220,1.1928929589648565,7.208846603562012e-06,Upregulated
ADAM23,2.224633706763422,7.319294567115162e-06,Upregulated
SLC9C2,-1.2839352259426968,7.478538525195728e-06,Downregulated
SLURP1,2.379900898463835,7.494369817454161e-06,Upregulated
SMIM1,-1.0725581468306291,7.538081414664098e-06,Downregulated
AGR2,-1.594507898771509,7.580586641534837e-06,Downregulated
SBK3,-1.0486339484439804,7.644249515134796e-06,Downregulated
GPR37,1.2994070411992906,7.727033294414064e-06,Upregulated
ACTC1,-1.3720053677286517,7.810321018543338e-06,Downregulated
LEPREL1,-1.5782341875206338,7.859647284966063e-06,Downregulated
AC117834.1,-1.9045472586108891,8.227176291819438e-06,Downregulated
SSC5D,-1.0742956198852154,8.24139544898391e-06,Downregulated
POPDC3,1.8940096092245968,8.379731789886304e-06,Upregulated
SAMD11,-1.4833997023600762,8.637601485245127e-06,Downregulated
ANXA8,2.136869294118505,8.644294039793643e-06,Upregulated
SLC47A2,1.5960258433872547,8.714604334156111e-06,Upregulated
CXCR6,-1.1335259234885626,8.950607777559763e-06,Downregulated
SYNE4,-1.2813704623944506,9.10756873981898e-06,Downregulated
CELF5,1.0796006618678593,9.284287709652268e-06,Upregulated
CXorf65,-1.3348070489293256,9.377470322327105e-06,Downregulated
ZNF43,-1.0080415265490457,9.396618115647777e-06,Downregulated
CD164L2,-1.4579425135163566,9.442949675049034e-06,Downregulated
FLNC,-1.301001381760373,9.469935606395162e-06,Downregulated
IFI44L,-1.0945163604644996,9.469935606395162e-06,Downregulated
HAS1,-2.089940565830465,9.537664955901807e-06,Downregulated
IKZF3,-1.0130849117019327,9.785261574976769e-06,Downregulated
CLEC4C,-1.0031590550720593,9.805181644384957e-06,Downregulated
TWIST2,-1.0721733460074647,9.967849980782904e-06,Downregulated
AADAC,-2.104395879700154,1.0075687080275147e-05,Downregulated
SMPDL3B,-1.213124055530991,1.025617052021312e-05,Downregulated
AHSP,-1.6816727816109782,1.0269255007119244e-05,Downregulated
PTGER3,-1.2396614384730285,1.0398736228399552e-05,Downregulated
SNCG,-1.1880365034245273,1.0444703875434956e-05,Downregulated
NDUFA4L2,1.291373700439566,1.0559465644127564e-05,Upregulated
SEPT3,1.13878429843773,1.0670096528104594e-05,Upregulated
HNF4G,1.393924610899067,1.0717801767375454e-05,Upregulated
ADM,1.1462711549239657,1.0772760790024205e-05,Upregulated
THEM5,1.3794378621019114,1.0862029242054452e-05,Upregulated
PRAP1,1.6514426353622838,1.0971806405591324e-05,Upregulated
SBK1,1.1925498474032024,1.1461466641914252e-05,Upregulated
WBSCR28,1.391211959519949,1.1598400964192716e-05,Upregulated
RAB6B,1.523537608761936,1.1608583892569695e-05,Upregulated
GLIS1,1.0903251567325198,1.167929459232146e-05,Upregulated
ADAMTSL5,1.0791993693424002,1.1691946948091655e-05,Upregulated
TG,1.4070704191287176,1.1743663334904992e-05,Upregulated
CYP11A1,-1.3534045363038558,1.1755726900269167e-05,Downregulated
TGFBR3L,1.5455489382723977,1.1764624391158744e-05,Upregulated
TTC6,-1.3252290550063623,1.183805403947511e-05,Downregulated
SLC35G1,1.0127278560239177,1.1943627818664632e-05,Upregulated
DIRC3,1.0699247778488434,1.2158348815985823e-05,Upregulated
HTR3A,1.5355201107861467,1.2654344629509215e-05,Upregulated
NME8,-1.0835154219024066,1.2684506520183348e-05,Downregulated
BNC2,-1.037623654974838,1.273214114291585e-05,Downregulated
AC117395.1,1.0836781880321693,1.2738453054311071e-05,Upregulated
KHDRBS3,-1.004518487863817,1.2752732864443223e-05,Downregulated
CD3D,-1.16842459800265,1.2920639989947476e-05,Downregulated
CLEC2B,-1.0005838047202875,1.317255169685591e-05,Downregulated
KIAA1199,1.0980326634038589,1.3273694916839284e-05,Upregulated
SUSD5,-1.227975394220849,1.3413265498715788e-05,Downregulated
ZNF486,-1.085853805401257,1.3445657371533551e-05,Downregulated
DIRAS2,1.5402446089566342,1.420787687522416e-05,Upregulated
WDR93,-1.3682934678566516,1.4291518551367043e-05,Downregulated
COL4A6,1.7331995529534223,1.444321502980722e-05,Upregulated
F3,-1.0492166812536183,1.444321502980722e-05,Downregulated
KIF25,-1.216986420040756,1.45150153150135e-05,Downregulated
RNASE3,-1.14821769631261,1.4917518730241629e-05,Downregulated
ADCY5,-1.1678549566046392,1.5003840146860202e-05,Downregulated
PLEKHG4,1.0111684426851912,1.507112926104982e-05,Upregulated
ANKRD7,1.2733527501318034,1.535037638531968e-05,Upregulated
SPAG4,1.054111111385514,1.5351490185620863e-05,Upregulated
DIO3,-1.2257429071457038,1.547189113502563e-05,Downregulated
CPXM1,1.8327416066960651,1.5890535529470313e-05,Upregulated
COL1A2,1.1592155712044503,1.5915301836369618e-05,Upregulated
TSPAN11,-1.0801989996512544,1.615751561493596e-05,Downregulated
CHP2,2.092338882444244,1.6290875477262485e-05,Upregulated
CCNO,1.5385889048971872,1.631030814503373e-05,Upregulated
EFHC2,-1.236140723257006,1.6417185308377938e-05,Downregulated
CCL4L1,-1.2942882687357231,1.64907189478309e-05,Downregulated
FMO1,1.509180351907407,1.66243702600288e-05,Upregulated
P2RX6,-1.059133008012204,1.6628894081070316e-05,Downregulated
BPI,-1.246930705058109,1.673403322761821e-05,Downregulated
RNF165,1.023137486586644,1.683786099555372e-05,Upregulated
KLHDC9,-1.0605951435411196,1.686330468222252e-05,Downregulated
WNT10A,1.246108459816261,1.70210046884941e-05,Upregulated
MNX1,1.3014771080273329,1.7126111994857878e-05,Upregulated
PCDH7,1.2908174562557404,1.7195423370839272e-05,Upregulated
ECEL1,1.7862924129086908,1.727218920219265e-05,Upregulated
EFCAB1,-2.081957071641069,1.7567060470787943e-05,Downregulated
NQO1,1.3031399642434156,1.7653011257703644e-05,Upregulated
MUC12,-1.2287482636432117,1.7936713179782868e-05,Downregulated
LAMB3,1.0309796735053602,1.853979692480849e-05,Upregulated
CYP1A1,-1.6070593393860468,1.8659764685690093e-05,Downregulated
TP53AIP1,2.2039657468249945,1.876438081837834e-05,Upregulated
BCL11B,1.066855796247931,1.89602005362482e-05,Upregulated
LRRC43,-1.4086957015474049,1.9215879828302927e-05,Downregulated
SLN,-1.5635417897039088,1.9789166065842223e-05,Downregulated
CKS1B,2.0093734603788285,1.9821443533470157e-05,Upregulated
TNFRSF13C,1.5316678348499866,2.0189037297041956e-05,Upregulated
VSIG10L,1.0553055544642405,2.0347006836223275e-05,Upregulated
LEMD1,1.638879228784308,2.0362917406122097e-05,Upregulated
IDO1,-1.4304050421110706,2.04457717911156e-05,Downregulated
DDX3Y,-1.0328104495210892,2.075292741321728e-05,Downregulated
PAK3,-1.0625633191867832,2.1112884807787968e-05,Downregulated
EXOC3L4,-1.1595013211363696,2.141768564516712e-05,Downregulated
SULT1B1,-1.3922948076219877,2.1537155046298707e-05,Downregulated
CTB-186H2.3,-2.5285684006791604,2.161903969589096e-05,Downregulated
HIST2H2AC,1.0661013227726306,2.2247441490660845e-05,Upregulated
BEX1,-1.72277804624267,2.2280136459843168e-05,Downregulated
CNTD2,1.280389054086977,2.3020240051618736e-05,Upregulated
ERC2,1.1233155886435098,2.3192521424019567e-05,Upregulated
ALOX15,-2.6684261323821987,2.3280549143630475e-05,Downregulated
CNIH2,1.177109416075684,2.3280549143630475e-05,Upregulated
SLC16A9,1.364153829710702,2.341924099264196e-05,Upregulated
CYP2S1,1.2133403937150806,2.378727027977885e-05,Upregulated
CCL3,-1.1811721383105187,2.3953394415875397e-05,Downregulated
UBASH3A,-1.1796160606654809,2.4406362762757787e-05,Downregulated
HTRA4,-1.0359321706021998,2.4699707323934025e-05,Downregulated
C6orf141,1.2833038735437894,2.4926299142664685e-05,Upregulated
GPR98,-1.136256631861558,2.526369915358337e-05,Downregulated
TFF3,-1.8313985260123191,2.5344098243430223e-05,Downregulated
ALDH1A1,-1.3345088318937854,2.552427876462968e-05,Downregulated
TIMD4,-1.5154416462437594,2.578935759922674e-05,Downregulated
KANK4,-1.4918348797485477,2.611019436412928e-05,Downregulated
UGT8,1.4407699201371216,2.646029892780305e-05,Upregulated
CD38,-1.0082424661313016,2.658871507742692e-05,Downregulated
EMILIN3,1.462116896659004,2.6932571840182112e-05,Upregulated
CYP4F3,2.1506348994540723,2.71198761368298e-05,Upregulated
CCDC11,-1.3929028024149837,2.7222471347516256e-05,Downregulated
MAPK15,-1.2337026554856898,2.7222471347516256e-05,Downregulated
CCL5,-1.190977764234182,2.7412292454575152e-05,Downregulated
CDKN2B,-1.1927350666127658,2.8530296844296383e-05,Downregulated
SLAMF1,-1.1560797207687097,2.8620119312628737e-05,Downregulated
TMEM200C,1.239976020402441,2.9243171867713377e-05,Upregulated
SYCE3,1.0138045640246087,2.9855145315036467e-05,Upregulated
TDGF1,-1.4662641747665488,3.0037640303593737e-05,Downregulated
TIMP4,-1.140276394989808,3.082246568525436e-05,Downregulated
CXCL13,2.6007938538932462,3.119552185677542e-05,Upregulated
ADRA2B,1.3180570417984674,3.282779625820932e-05,Upregulated
C19orf77,1.2162499350759273,3.308355193375502e-05,Upregulated
TNIP3,-1.5934569739158295,3.376639524982191e-05,Downregulated
HOXC4,1.81359282837914,3.44049174902088e-05,Upregulated
ITIH1,-1.0560734639435123,3.50725122932361e-05,Downregulated
PVALB,-1.4781637569303037,3.555105289884911e-05,Downregulated
ACKR2,-1.0802726897202437,3.55842937456909e-05,Downregulated
CDH6,-1.3594095462912437,3.579625757483335e-05,Downregulated
CHIT1,-1.8437519348131275,3.736150058274276e-05,Downregulated
FKSG62,1.3130911303120336,3.7641792850435344e-05,Upregulated
ARL4D,1.0533324277391136,3.856096576978351e-05,Upregulated
BAAT,-1.246409458328657,3.917753475110202e-05,Downregulated
PLA2G4D,1.0328491235090964,3.951224760486675e-05,Upregulated
SYT2,1.0621766514314028,4.094289775777992e-05,Upregulated
SP5,-1.4066089591859772,4.208159214018432e-05,Downregulated
P4HA3,1.0537363093571264,4.236023078083921e-05,Upregulated
RP11-293I14.2,1.9622203798809783,4.273517276322071e-05,Upregulated
RBP5,-1.0942991411779357,4.287755662698764e-05,Downregulated
GPR110,-1.2397416553525744,4.3628288148636296e-05,Downregulated
ATP8A2,-1.1931701472486729,4.38928857908974e-05,Downregulated
KCNK2,1.424301514146571,4.390775283900145e-05,Upregulated
CYP2W1,1.6581336692327322,4.61288529957842e-05,Upregulated
RP11-872D17.8,-1.0760958965414638,4.631512945988808e-05,Downregulated
FABP7,1.8366842526672589,4.652618270450883e-05,Upregulated
LRRC69,1.03682119540147,4.674944244413672e-05,Upregulated
KLRC3,-1.1994798052413391,4.762826965929437e-05,Downregulated
CLDN14,1.2972030541510455,4.81658408831107e-05,Upregulated
NSG1,1.4633526112227877,4.92335739006713e-05,Upregulated
CALCA,-1.4417824197337143,4.9696665908358464e-05,Downregulated
TUBAL3,1.1244849014923868,5.011283898702964e-05,Upregulated
GPR97,-1.1518947990145303,5.616851852200616e-05,Downregulated
TEX26,-1.4634029085345246,5.725443114307191e-05,Downregulated
ZNF257,-1.0203416801126988,5.791746303971886e-05,Downregulated
OSBPL6,-1.1221941393108352,5.820258527741589e-05,Downregulated
ACKR3,1.044705356633468,5.832517994995789e-05,Upregulated
KRBOX1,-1.295875777386847,5.833231033653525e-05,Downregulated
RBM24,-1.218714074361729,5.851474002976134e-05,Downregulated
BOLA2,1.0713669867532376,5.925461365427464e-05,Upregulated
WISP3,1.5160657081808724,6.121007938964332e-05,Upregulated
PMCH,1.1539641894338084,6.404435988279224e-05,Upregulated
ATP6V0D2,-1.394157476574164,6.599173747011563e-05,Downregulated
PAEP,1.3646017613555532,6.932542579064727e-05,Upregulated
KCNS1,-1.1404428420629888,7.13037373821764e-05,Downregulated
AADACL2,1.7326696202052283,7.20849470068398e-05,Upregulated
OR2A1,-1.0778101558382551,7.336458321275391e-05,Downregulated
RP11-57H12.6,-1.208222910630238,7.380571654124809e-05,Downregulated
SOST,1.9413807441765027,7.611989575428812e-05,Upregulated
CLLU1OS,1.115534988621102,7.620830046221029e-05,Upregulated
RIPPLY2,1.8832572965255785,7.653242693616511e-05,Upregulated
ZIC1,2.1634854766911067,7.74974671475906e-05,Upregulated
CCDC160,-1.1655946928738476,7.878950313956397e-05,Downregulated
LRRTM4,-1.0722852045810036,7.960603614088728e-05,Downregulated
DMRT2,1.6195263133263769,8.171147514538151e-05,Upregulated
KLHL14,-1.2066953385299144,8.382509990495217e-05,Downregulated
NPR3,-1.2157491373794365,8.394480516616719e-05,Downregulated
PRSS1,2.366229655053092,8.477246282531782e-05,Upregulated
CTAG2,2.258977894343397,8.491423647455763e-05,Upregulated
STX19,-1.0446253448604708,8.491475575899139e-05,Downregulated
NUDT10,1.283187858331643,8.49765909917979e-05,Upregulated
RP11-683L23.1,1.0134232494955833,8.656992177257872e-05,Upregulated
ITGBL1,-1.1725465235855168,8.78647417562261e-05,Downregulated
FRAS1,-1.0062487397054278,8.817269825903053e-05,Downregulated
WFDC12,-1.9066542408924183,9.24959613474844e-05,Downregulated
PDZK1IP1,-1.3378439969066651,9.251087476655602e-05,Downregulated
SCIN,-1.124113371128311,9.403781830467572e-05,Downregulated
MPPED2,1.09695870415977,9.43292192200777e-05,Upregulated
TRIM17,1.0037388246897692,9.627329736018176e-05,Upregulated
ZDHHC19,-1.14687098773961,9.647579785172772e-05,Downregulated
RND2,1.137071078440986,9.764384061471656e-05,Upregulated
RHBDL3,1.1335839855587713,0.0001008018478821,Upregulated
NME2,1.0115751475847885,0.000102827832391,Upregulated
MDH1B,-1.1452470999713915,0.0001055839650646,Downregulated
ITGAD,-1.0629045409634132,0.0001057172107062,Downregulated
AL354993.1,1.0235216397183544,0.0001074331909223,Upregulated
MT1H,1.5745523205648464,0.0001088366437393,Upregulated
IL12A,-1.0365939123198045,0.0001095010037171,Downregulated
CD79B,-1.1115328539920846,0.0001098332792754,Downregulated
SPINK7,1.7706238999198622,0.0001143801291799,Upregulated
VWDE,1.2031097847860597,0.0001147801207118,Upregulated
WNT16,1.2867150850726463,0.0001162886577761,Upregulated
BTLA,-1.0649104384862773,0.0001211100890319,Downregulated
PACSIN1,1.1477845823087378,0.0001218253812699,Upregulated
B4GALNT2,1.38634857301075,0.000122684864005,Upregulated
UGT3A2,1.2147584760757475,0.000123747714778,Upregulated
NYAP1,1.0119391437188834,0.0001239203652664,Upregulated
FIGN,-1.0943308661539295,0.0001252335262925,Downregulated
LY9,-1.07492204432788,0.0001282697181005,Downregulated
SLITRK2,-1.422077595594038,0.000128945585624,Downregulated
ADCYAP1,-1.3992467412173704,0.0001363564777249,Downregulated
F2RL2,1.3835080941521758,0.0001375099709655,Upregulated
SFT2D3,1.7884907332846167,0.0001410710827092,Upregulated
TPO,1.3374975374616265,0.0001473521437121,Upregulated
GRIN3B,-1.487589856376554,0.0001526425136034,Downregulated
CNGB1,1.2872864962677786,0.0001539720873649,Upregulated
IGF1,-1.0539286068329077,0.00015737467698,Downregulated
WNT5A,1.0394016771819723,0.0001606123358508,Upregulated
CLDN24,-1.0301906774538534,0.0001625378150045,Downregulated
HIST2H3C,1.2890444179784946,0.0001633651864282,Upregulated
HIST1H4D,1.2069963771200918,0.0001670457966922,Upregulated
FSTL4,1.0308082421555431,0.0001680479995421,Upregulated
C9orf169,1.233863315057092,0.0001731051335117,Upregulated
MEIG1,-1.202378991003494,0.0001771476281479,Downregulated
GPR174,-1.1364329403804168,0.0001772240432967,Downregulated
KLHDC7B,1.0647142997987658,0.0001793508630454,Upregulated
THEMIS,-1.1347931348303737,0.0001798072092655,Downregulated
CHDC2,-1.086276287283094,0.000189413838408,Downregulated
TDRD12,1.366734720917417,0.0001895388208895,Upregulated
CDH26,-1.0705451557266423,0.0001919797514496,Downregulated
TCN1,1.831677558353448,0.0001947002417182,Upregulated
TNFRSF13B,-1.4486661792684377,0.0001986389882055,Downregulated
FZD10,1.506504909647151,0.0002021270235199,Upregulated
PDGFD,-1.004782701876275,0.0002107717994549,Downregulated
SYCE1,-1.0890318922780264,0.0002110900503991,Downregulated
PLCXD2,-1.5359190254337154,0.0002125166581621,Downregulated
HOXD3,1.0585567255158177,0.0002145912239018,Upregulated
PNMA3,1.0578516009207242,0.0002221519581513,Upregulated
CNTN5,1.192881826177025,0.0002258427283936,Upregulated
KRT23,1.8860204434217491,0.0002276035872347,Upregulated
FBXO15,-1.16256185707795,0.0002350672555547,Downregulated
FRMD5,1.0129276421296145,0.0002363999994571,Upregulated
PAK7,1.1877455650418165,0.000237952290675,Upregulated
HOXC5,1.05376773630932,0.000244422224366,Upregulated
AC129492.6,1.195755916132312,0.0002505547774892,Upregulated
PDIA2,1.3995743362988002,0.0002580628944498,Upregulated
DLX3,1.2826771493168776,0.0002610414532396,Upregulated
TUBB4A,1.1223782984462347,0.0002641833852877,Upregulated
ANKRD20A3,-1.075070293542868,0.0002645901265286,Downregulated
NPTX2,1.594503700765709,0.0002678974818455,Upregulated
SFRP2,1.1754912737949486,0.0002769931933912,Upregulated
HSPB3,-1.4212293427618707,0.0002786485137345,Downregulated
SLC28A3,1.3300570997900325,0.00027965599577,Upregulated
FBLL1,1.033817165355074,0.0002796675432605,Upregulated
AL358333.1,-1.5112275275156062,0.0002837394021467,Downregulated
WFDC2,-1.178628155739986,0.0002841724683668,Downregulated
WNT6,1.2471064486709864,0.0002842220197275,Upregulated
HIST2H4B,2.0389896543734176,0.0002858488867706,Upregulated
ADAMTS18,1.1191764949047145,0.0002904352344757,Upregulated
DNAAF3,-1.4728322004438468,0.0002910796864582,Downregulated
COLCA2,1.0176211503688035,0.0003435873964648,Upregulated
NTM,-1.56115920063415,0.0003435873964648,Downregulated
FREM2,-1.349632215790599,0.0003512729684733,Downregulated
XAGE1E,-1.694150934745914,0.0003521449960912,Downregulated
XAGE1A,-1.672247108053842,0.0003559918879448,Downregulated
ANXA10,1.4635116157686503,0.0003585703800363,Upregulated
SEPT1,-1.665665601784346,0.0003763159343309,Downregulated
SIX3,1.2074635284067066,0.0003793853612969,Upregulated
PTPRT,-1.4472919936285362,0.0003869485866998,Downregulated
FAM153A,-1.113717128679489,0.0004032133386831,Downregulated
S100A12,-1.4737143763954323,0.0004069794071155,Downregulated
SYT13,1.401271994455329,0.0004148324520525,Upregulated
CLDN20,1.0565804755006956,0.0004338573503993,Upregulated
SULT2B1,-1.17079725197702,0.0004349462587597,Downregulated
RP11-514P8.6,1.272595462053148,0.0004373407019215,Upregulated
PTH2R,1.4989225929054293,0.000444238989282,Upregulated
GZMK,-1.1045318321727242,0.0004465472525259,Downregulated
PRR9,1.737850464084308,0.0004481779584467,Upregulated
MOBP,-1.16363612661744,0.000448802437033,Downregulated
SNTG2,-1.209625681274436,0.0004566768572401,Downregulated
CPA1,-1.0910755027689365,0.0004579209432248,Downregulated
TRPA1,1.2358710206156038,0.0004596124267474,Upregulated
FAM3D,-1.2837497056920482,0.0004692518568028,Downregulated
PRSS50,1.169077188088974,0.0004827384252712,Upregulated
DOK6,-1.0365379653312194,0.0004895696537402,Downregulated
EVPLL,-1.08440170839211,0.0005031592407871,Downregulated
DNAH2,-1.2973033841243795,0.0005183845557348,Downregulated
NLRP7,1.1423126147983462,0.0005242888780283,Upregulated
IL1B,-1.1068874483758178,0.0005333974767367,Downregulated
PLA2G3,-1.3119462684919505,0.0005429837909797,Downregulated
TKTL1,-1.389486500169575,0.0005441667962859,Downregulated
TP53TG3C,1.107107358075515,0.0005499334613854,Upregulated
PENK,-1.6301001105354134,0.000557574919691,Downregulated
UPK1A,1.0371706543036627,0.0005649825304858,Upregulated
CXorf22,-1.0149981882665682,0.0005760728376194,Downregulated
GALR2,1.0390001544456933,0.0005976745030803,Upregulated
C19orf33,-1.2111820968826592,0.0006398521192404,Downregulated
BIRC7,-1.0564749089506753,0.0006930278062768,Downregulated
AL591684.1,-1.243752514161148,0.0007022004274768,Downregulated
LIF,-1.2153073971649526,0.0007095790084541,Downregulated
BCAS1,-1.150346024957989,0.0007474760726177,Downregulated
RNF183,1.219914162968036,0.0007764741130304,Upregulated
RIPPLY3,1.104588188500629,0.0007824211263337,Upregulated
NOS1,-1.3367555513041496,0.0007980009441042,Downregulated
BAALC,-1.0529501112636988,0.0008200389963274,Downregulated
RP11-20I23.1,-1.0358487118327186,0.00082021522628,Downregulated
PLCB4,-1.0895190908095254,0.0008682345469645,Downregulated
ENHO,-1.0541066832889223,0.0008711723697942,Downregulated
FAM153C,-1.194543625890093,0.0009076597986186,Downregulated
ZFR2,-1.0226087786057847,0.0009118349875786,Downregulated
CLDN9,-1.0554187915617304,0.0009147365033035,Downregulated
ABCA13,1.4383884309285555,0.0009676874741768,Upregulated
AC007382.1,-1.6341336711603551,0.0009870573695812,Downregulated
CAMK2B,1.032952282133726,0.0010118909558997,Upregulated
HRASLS2,-1.1700240175551446,0.0010160591807069,Downregulated
HOXD8,1.0116417674710243,0.0010217397752922,Upregulated
MYO3A,1.305236144602557,0.0010220606040927,Upregulated
CTRB2,-1.099466125014867,0.0010335640611688,Downregulated
CLDN16,1.1695198317156477,0.0010709350527567,Upregulated
HHIPL2,1.0175614294792568,0.0010757402086621,Upregulated
JPH3,1.0628913916206026,0.0011073734607846,Upregulated
ARG1,-1.3342680310892212,0.0011665916941362,Downregulated
RP11-599B13.6,1.588635592348612,0.0012190494820231,Upregulated
NMUR2,-1.0415957792044837,0.0012360896568259,Downregulated
AL118506.1,-1.026026405527447,0.0012566008457052,Downregulated
TM4SF19,1.0076472231099445,0.0012863485475835,Upregulated
DEFB124,-1.2917830166029225,0.0013524989732653,Downregulated
TMEM189-UBE2V1,1.02824509578641,0.001376999202854,Upregulated
MMP8,1.1493002004913602,0.0013838745760763,Upregulated
RPRM,1.1000282872359946,0.0014210043491793,Upregulated
SLC10A6,1.0583965393923962,0.0015060586552611,Upregulated
NTS,2.353719951548449,0.0015095048958326,Upregulated
TNNI3,1.120009189906188,0.0015130343918626,Upregulated
KIAA1324,-1.0337134194188486,0.0016319223577118,Downregulated
TFF1,1.1536748448009404,0.0017004303350691,Upregulated
BRINP1,-1.167589223661571,0.0017213896907165,Downregulated
SERPINA3,-1.1286290331292257,0.0017899550244037,Downregulated
HIST2H3D,1.2543589598066895,0.0018764022771438,Upregulated
PCP4L1,-1.0361603682497522,0.0019419284640745,Downregulated
FXYD2,-1.0019792363716302,0.0019734637810198,Downregulated
CEACAM7,1.0852320004556966,0.0021856240657788,Upregulated
HOXD4,1.1353379363619691,0.0023637571515352,Upregulated
KLK12,1.5999305612706831,0.0024955292111576,Upregulated
UGT2B7,-1.0303627696545448,0.0025268420577083,Downregulated
HBQ1,-1.0151300152098566,0.0027508640399076,Downregulated
MROH2A,1.014460525215138,0.0027848078488756,Upregulated
NCAM1,-1.039268809332671,0.002800279177966,Downregulated
FMO6P,1.1290192801763053,0.0028218312940509,Upregulated
XAGE1D,-1.3940675563026437,0.0028241534139024,Downregulated
AKR1C1,1.4439198773520232,0.0028503286924098,Upregulated
POMC,1.1568709207085437,0.0028826719247963,Upregulated
TFPI2,-1.1065001915276511,0.002970942637051,Downregulated
TSPAN1,-1.0311770474753352,0.0029717618369264,Downregulated
PCSK9,-1.067007898804535,0.0029885383104285,Downregulated
HOXB8,1.062797296314475,0.0032149647304662,Upregulated
PLEKHS1,-1.6114678787461578,0.0035927632911927,Downregulated
ST20-MTHFS,1.0151250851651112,0.003915204167974,Upregulated
TP53TG3D,1.047151137530621,0.0041061872656076,Upregulated
MUC5B,-1.7488378045050617,0.0041339335885326,Downregulated
CDH2,1.1337197402665096,0.0041455381831556,Upregulated
ANKUB1,-1.0917038998440751,0.0042322319026767,Downregulated
KCNJ16,-1.0645555827754527,0.0042387362329615,Downregulated
NGFR,1.0017957790392282,0.0042681763893195,Upregulated
NTRK2,1.4640745851813213,0.0043769866627803,Upregulated
BPIFA1,-2.058083713233094,0.0048501625676422,Downregulated
CCL7,1.108558757133148,0.0054251962345959,Upregulated
CLDN10,1.0660649995810203,0.0054762505259758,Upregulated
RP11-463D19.2,1.1117325031450334,0.0061791834560316,Upregulated
ERN2,-1.0880325617778768,0.0062898298340349,Downregulated
FAM27B,-1.1827185614005362,0.0071824670013885,Downregulated
SPOCK3,1.1633572856244174,0.0072624662409747,Upregulated
DEFB4B,1.1432241453451604,0.008122138864608,Upregulated
GABRP,1.0428370329684702,0.0094856985644355,Upregulated
MRAP2,1.0828392629118166,0.0099249866413003,Upregulated
AC132192.1,1.1405614515818798,0.0100241206365792,Upregulated
FUT6,1.0232869571709378,0.0104418502265379,Upregulated
ATP12A,1.1221714457278722,0.0109870824635564,Upregulated
ALDH3A1,1.360446880345103,0.0121894807453535,Upregulated
MSANTD3-TMEFF1,1.3276408592205686,0.0128218385043431,Upregulated
NELL1,1.1305255622986383,0.0130315023181048,Upregulated
FGFBP2,-1.510513636906735,0.0143741977532011,Downregulated
CPB1,-1.1185862656333718,0.0149837482938522,Downregulated
CHST9,-1.3680391327578727,0.0151816930669777,Downregulated
KLK13,1.1762433334066549,0.0157746992732902,Upregulated
DEFA1B,-2.114081433518908,0.016005233061275,Downregulated
PROM1,-1.1510164951343151,0.016116029825651,Downregulated
CWH43,-1.0955356376212122,0.0170001218927012,Downregulated
TGM3,1.1400603092515222,0.0193300991503848,Upregulated
XAGE1B,-1.147302999596267,0.0216356969239266,Downregulated
FDCSP,1.772125242627153,0.0234325838065149,Upregulated
